<page uid="99">
	<zone id="53" rec="79|825|289|177">
		<id><![CDATA[1489747037958_5145_47]]></id>
		<rec><![CDATA[79|825|289|177]]></rec>
	</zone>
	<zone id="49" rec="279|536|344|205">
		<id><![CDATA[1489747114260_7232_58]]></id>
		<rec><![CDATA[279|536|344|205]]></rec>
	</zone>
	<zone id="52" rec="274|427|435|137">
		<id><![CDATA[1489747120319_7732_59]]></id>
		<rec><![CDATA[274|427|435|137]]></rec>
	</zone>
	<zone id="50" rec="340|168|376|254">
		<id><![CDATA[1489747125849_8148_60]]></id>
		<rec><![CDATA[340|168|376|254]]></rec>
	</zone>
	<zone id="51" rec="62|195|256|487">
		<id><![CDATA[1489747130286_245_61]]></id>
		<rec><![CDATA[62|195|256|487]]></rec>
	</zone>
	<zone id="54" rec="425|894|191|141">
		<id><![CDATA[1489747135692_5164_62]]></id>
		<rec><![CDATA[425|894|191|141]]></rec>
	</zone>
	<zone id="55" rec="521|824|156|125">
		<id><![CDATA[1489747140540_3315_63]]></id>
		<rec><![CDATA[521|824|156|125]]></rec>
	</zone>
</page>
