<page uid="99">
	<zone id="56" rec="54|829|208|134">
		<id><![CDATA[1489747114260_7232_58]]></id>
		<rec><![CDATA[54|829|208|134]]></rec>
	</zone>
	<zone id="57" rec="53|964|209|87">
		<id><![CDATA[1489747120319_7732_59]]></id>
		<rec><![CDATA[53|964|209|87]]></rec>
	</zone>
	<zone id="58" rec="285|830|213|95">
		<id><![CDATA[1489747125849_8148_60]]></id>
		<rec><![CDATA[285|830|213|95]]></rec>
	</zone>
	<zone id="59" rec="285|926|213|117">
		<id><![CDATA[1489747130286_245_61]]></id>
		<rec><![CDATA[285|926|213|117]]></rec>
	</zone>
	<zone id="60" rec="518|830|196|85">
		<id><![CDATA[1489747135692_5164_62]]></id>
		<rec><![CDATA[518|830|196|85]]></rec>
	</zone>
	<zone id="61" rec="518|916|196|73">
		<id><![CDATA[1489747140540_3315_63]]></id>
		<rec><![CDATA[518|916|196|73]]></rec>
	</zone>
	<zone id="62" rec="41|1058|692|20">
		<id><![CDATA[1489747037974_598_56]]></id>
		<rec><![CDATA[41|1058|692|20]]></rec>
	</zone>
	<zone dcp="-1|491" rotation="90" id="63" rec="734|950|16|111">
		<id><![CDATA[1489747037975_3698_57]]></id>
		<rec dcp="-1|491" rotation="90"><![CDATA[734|950|16|111]]></rec>
	</zone>
</page>
