<page uid="99">
	<zone id="70" rec="37|798|212|229">
		<id><![CDATA[1489747550599_5977_66]]></id>
		<rec><![CDATA[37|798|212|229]]></rec>
	</zone>
	<zone id="71" rec="265|762|191|252">
		<id><![CDATA[1489747550601_4180_67]]></id>
		<rec><![CDATA[265|762|191|252]]></rec>
	</zone>
	<zone id="72" rec="469|793|263|238">
		<id><![CDATA[1489747550603_5853_68]]></id>
		<rec><![CDATA[469|793|263|238]]></rec>
	</zone>
	<zone id="74" rec="403|517|356|173">
		<id><![CDATA[1489747590894_464_83]]></id>
		<rec><![CDATA[403|517|356|173]]></rec>
	</zone>
	<zone id="75" rec="398|433|369|83">
		<id><![CDATA[1489747596391_7281_84]]></id>
		<rec><![CDATA[398|433|369|83]]></rec>
	</zone>
	<zone id="78" rec="58|323|294|365">
		<id><![CDATA[1489747608350_1332_86]]></id>
		<rec><![CDATA[58|323|294|365]]></rec>
	</zone>
	<zone id="79" rec="415|182|335|201">
		<id><![CDATA[1489747613790_722_87]]></id>
		<rec><![CDATA[415|182|335|201]]></rec>
	</zone>
</page>
