<page uid="99">
	<zone id="84" rec="53|798|207|121">
		<id><![CDATA[1489747590894_464_83]]></id>
		<rec><![CDATA[53|798|207|121]]></rec>
	</zone>
	<zone id="85" rec="53|920|207|84">
		<id><![CDATA[1489747596391_7281_84]]></id>
		<rec><![CDATA[53|920|207|84]]></rec>
	</zone>
	<zone id="87" rec="287|908|197|118">
		<id><![CDATA[1489747608350_1332_86]]></id>
		<rec><![CDATA[287|908|197|118]]></rec>
	</zone>
	<zone id="88" rec="521|799|192|137">
		<id><![CDATA[1489747613790_722_87]]></id>
		<rec><![CDATA[521|799|192|137]]></rec>
	</zone>
	<zone id="82" rec="399|119|332|311">
		<id><![CDATA[1489747550615_7068_74]]></id>
		<rec><![CDATA[399|119|332|311]]></rec>
	</zone>
	<zone id="83" rec="443|446|288|274">
		<id><![CDATA[1489747550617_8039_75]]></id>
		<rec><![CDATA[443|446|288|274]]></rec>
	</zone>
	<zone id="89" rec="40|1057|693|24">
		<id><![CDATA[1489747550629_5625_81]]></id>
		<rec><![CDATA[40|1057|693|24]]></rec>
	</zone>
	<zone dcp="5|513" rotation="90" id="90" rec="734|950|16|113">
		<id><![CDATA[1489747550631_2339_82]]></id>
		<rec dcp="5|513" rotation="90"><![CDATA[734|950|16|113]]></rec>
	</zone>
	<zone id="76" rec="66|207|246|415">
		<id><![CDATA[1489747602254_1356_85]]></id>
		<rec><![CDATA[66|207|246|415]]></rec>
	</zone>
	<zone id="86" rec="287|798|197|109">
		<id><![CDATA[1489747602254_1356_85]]></id>
		<rec><![CDATA[287|798|197|109]]></rec>
	</zone>
</page>
