<page uid="99">
	<zone id="98" rec="33|877|237|163">
		<id><![CDATA[1489747971914_5790_90]]></id>
		<rec><![CDATA[33|877|237|163]]></rec>
	</zone>
	<zone id="99" rec="339|840|401|215">
		<id><![CDATA[1489747971916_9380_91]]></id>
		<rec><![CDATA[339|840|401|215]]></rec>
	</zone>
	<zone id="104" rec="70|578|482|251">
		<id><![CDATA[1489747998890_2024_104]]></id>
		<rec><![CDATA[70|578|482|251]]></rec>
	</zone>
	<zone id="105" rec="79|419|475|156">
		<id><![CDATA[1489748003370_6786_105]]></id>
		<rec><![CDATA[79|419|475|156]]></rec>
	</zone>
	<zone id="106" rec="79|129|399|254">
		<id><![CDATA[1489748007530_6163_106]]></id>
		<rec><![CDATA[79|129|399|254]]></rec>
	</zone>
</page>
