<page uid="99">
	<zone id="111" rec="53|848|193|97">
		<id><![CDATA[1489747998890_2024_104]]></id>
		<rec><![CDATA[53|848|193|97]]></rec>
	</zone>
	<zone id="112" rec="53|946|193|96">
		<id><![CDATA[1489748003370_6786_105]]></id>
		<rec><![CDATA[53|946|193|96]]></rec>
	</zone>
	<zone id="113" rec="285|847|204|97">
		<id><![CDATA[1489748007530_6163_106]]></id>
		<rec><![CDATA[285|847|204|97]]></rec>
	</zone>
	<zone id="101" rec="39|1060|694|19">
		<id><![CDATA[1489747971918_379_92]]></id>
		<rec><![CDATA[39|1060|694|19]]></rec>
	</zone>
	<zone dcp="2|486" rotation="90" id="102" rec="735|950|15|113">
		<id><![CDATA[1489747971920_1248_93]]></id>
		<rec dcp="2|486" rotation="90"><![CDATA[735|950|15|113]]></rec>
	</zone>
	<zone id="108" rec="375|298|189|158">
		<id><![CDATA[1489748016218_6161_107]]></id>
		<rec><![CDATA[375|298|189|158]]></rec>
	</zone>
	<zone id="114" rec="285|945|204|82">
		<id><![CDATA[1489748016218_6161_107]]></id>
		<rec><![CDATA[285|945|204|82]]></rec>
	</zone>
	<zone id="109" rec="530|258|171|166">
		<id><![CDATA[1489748022186_5727_108]]></id>
		<rec><![CDATA[530|258|171|166]]></rec>
	</zone>
	<zone id="116" rec="518|850|200|83">
		<id><![CDATA[1489748022186_5727_108]]></id>
		<rec><![CDATA[518|850|200|83]]></rec>
	</zone>
</page>
