<page uid="99">
	<zone id="122" rec="80|846|308|146">
		<id><![CDATA[1489748360686_261_111]]></id>
		<rec><![CDATA[80|846|308|146]]></rec>
	</zone>
	<zone id="133" rec="27|554|514|221">
		<id><![CDATA[1489748402438_5020_129]]></id>
		<rec><![CDATA[27|554|514|221]]></rec>
	</zone>
	<zone id="134" rec="166|428|376|123">
		<id><![CDATA[1489748408750_751_130]]></id>
		<rec><![CDATA[166|428|376|123]]></rec>
	</zone>
	<zone id="135" rec="166|172|320|243">
		<id><![CDATA[1489748413838_2085_131]]></id>
		<rec><![CDATA[166|172|320|243]]></rec>
	</zone>
	<zone id="140" rec="435|878|201|166">
		<id><![CDATA[1489748438868_7656_133]]></id>
		<rec><![CDATA[435|878|201|166]]></rec>
	</zone>
	<zone id="141" rec="538|811|173|165">
		<id><![CDATA[1489748446590_3142_134]]></id>
		<rec><![CDATA[538|811|173|165]]></rec>
	</zone>
</page>
