<page uid="99">
	<zone id="123" rec="51|821|212|122">
		<id><![CDATA[1489748402438_5020_129]]></id>
		<rec><![CDATA[51|821|212|122]]></rec>
	</zone>
	<zone id="124" rec="51|944|212|85">
		<id><![CDATA[1489748408750_751_130]]></id>
		<rec><![CDATA[51|944|212|85]]></rec>
	</zone>
	<zone id="125" rec="285|823|204|108">
		<id><![CDATA[1489748413838_2085_131]]></id>
		<rec><![CDATA[285|823|204|108]]></rec>
	</zone>
	<zone id="138" rec="195|575|144|139">
		<id><![CDATA[1489748438868_7656_133]]></id>
		<rec><![CDATA[195|575|144|139]]></rec>
	</zone>
	<zone id="128" rec="519|821|204|86">
		<id><![CDATA[1489748438868_7656_133]]></id>
		<rec><![CDATA[519|821|204|86]]></rec>
	</zone>
	<zone id="139" rec="342|567|147|159">
		<id><![CDATA[1489748446590_3142_134]]></id>
		<rec><![CDATA[342|567|147|159]]></rec>
	</zone>
	<zone id="129" rec="519|908|204|83">
		<id><![CDATA[1489748446590_3142_134]]></id>
		<rec><![CDATA[519|908|204|83]]></rec>
	</zone>
	<zone id="130" rec="41|1059|692|19">
		<id><![CDATA[1489748360706_1276_118]]></id>
		<rec><![CDATA[41|1059|692|19]]></rec>
	</zone>
	<zone dcp="4|499" rotation="90" id="131" rec="734|950|14|113">
		<id><![CDATA[1489748360709_3894_119]]></id>
		<rec dcp="4|499" rotation="90"><![CDATA[734|950|14|113]]></rec>
	</zone>
	<zone id="136" rec="248|118|484|411">
		<id><![CDATA[1489748429542_7668_132]]></id>
		<rec><![CDATA[248|118|484|411]]></rec>
	</zone>
	<zone id="137" rec="513|515|221|278">
		<id><![CDATA[1489748429542_7668_132]]></id>
		<rec><![CDATA[513|515|221|278]]></rec>
	</zone>
	<zone id="126" rec="285|932|204|107">
		<id><![CDATA[1489748429542_7668_132]]></id>
		<rec><![CDATA[285|932|204|107]]></rec>
	</zone>
</page>
