<page uid="99">
	<zone id="165" rec="37|701|219|188">
		<id><![CDATA[1489752132166_9653_148]]></id>
		<rec><![CDATA[37|701|219|188]]></rec>
	</zone>
	<zone id="170" rec="144|307|177|99">
		<id><![CDATA[1489752166765_7323_169]]></id>
		<rec><![CDATA[144|307|177|99]]></rec>
	</zone>
	<zone id="171" rec="37|389|359|209">
		<id><![CDATA[1489752171613_288_170]]></id>
		<rec><![CDATA[37|389|359|209]]></rec>
	</zone>
	<zone id="172" rec="393|389|93|189">
		<id><![CDATA[1489752177413_5374_171]]></id>
		<rec><![CDATA[393|389|93|189]]></rec>
	</zone>
	<zone id="173" rec="562|131|185|439">
		<id><![CDATA[1489752181773_8839_172]]></id>
		<rec><![CDATA[562|131|185|439]]></rec>
	</zone>
	<zone id="174" rec="748|394|175|297">
		<id><![CDATA[1489752186885_4092_173]]></id>
		<rec><![CDATA[748|394|175|297]]></rec>
	</zone>
	<zone id="166" rec="290|663|168|214">
		<id><![CDATA[1489752205437_089_176]]></id>
		<rec><![CDATA[290|663|168|214]]></rec>
	</zone>
	<zone id="167" rec="475|703|258|294">
		<id><![CDATA[1489752209870_1858_177]]></id>
		<rec><![CDATA[475|703|258|294]]></rec>
	</zone>
</page>
