<page uid="99">
	<zone id="178" rec="52|711|206|76">
		<id><![CDATA[1489752166765_7323_169]]></id>
		<rec><![CDATA[52|711|206|76]]></rec>
	</zone>
	<zone id="179" rec="52|787|206|110">
		<id><![CDATA[1489752171613_288_170]]></id>
		<rec><![CDATA[52|787|206|110]]></rec>
	</zone>
	<zone id="180" rec="52|897|206|111">
		<id><![CDATA[1489752177413_5374_171]]></id>
		<rec><![CDATA[52|897|206|111]]></rec>
	</zone>
	<zone id="181" rec="284|713|205|119">
		<id><![CDATA[1489752181773_8839_172]]></id>
		<rec><![CDATA[284|713|205|119]]></rec>
	</zone>
	<zone id="182" rec="284|833|205|107">
		<id><![CDATA[1489752186885_4092_173]]></id>
		<rec><![CDATA[284|833|205|107]]></rec>
	</zone>
	<zone id="186" rec="518|798|213|86">
		<id><![CDATA[1489752205437_089_176]]></id>
		<rec><![CDATA[518|798|213|86]]></rec>
	</zone>
	<zone id="187" rec="518|885|213|101">
		<id><![CDATA[1489752209870_1858_177]]></id>
		<rec><![CDATA[518|885|213|101]]></rec>
	</zone>
	<zone id="188" rec="42|1058|691|21">
		<id><![CDATA[1489752132205_7079_167]]></id>
		<rec><![CDATA[42|1058|691|21]]></rec>
	</zone>
	<zone dcp="0|519" rotation="90" id="189" rec="734|950|15|111">
		<id><![CDATA[1489752132207_826_168]]></id>
		<rec dcp="0|519" rotation="90"><![CDATA[734|950|15|111]]></rec>
	</zone>
	<zone id="176" rec="334|344|242|156">
		<id><![CDATA[1489752194908_2426_174]]></id>
		<rec><![CDATA[334|344|242|156]]></rec>
	</zone>
	<zone id="183" rec="284|940|205|107">
		<id><![CDATA[1489752194908_2426_174]]></id>
		<rec><![CDATA[284|940|205|107]]></rec>
	</zone>
	<zone id="177" rec="336|160|175|158">
		<id><![CDATA[1489752200205_8291_175]]></id>
		<rec><![CDATA[336|160|175|158]]></rec>
	</zone>
	<zone id="185" rec="518|712|213|84">
		<id><![CDATA[1489752200205_8291_175]]></id>
		<rec><![CDATA[518|712|213|84]]></rec>
	</zone>
</page>
