<page uid="99|9">
	<zone rec="35|854|336|131" id="195">
		<id><![CDATA[1489752645937_7696_180]]></id>
		<rec><![CDATA[35|854|336|131]]></rec>
	</zone>
	<zone rec="4|402|412|354" id="197">
		<id><![CDATA[1489752684040_8346_195]]></id>
		<rec><![CDATA[4|402|412|354]]></rec>
	</zone>
	<zone rec="631|540|129|132" id="198">
		<id><![CDATA[1489752689099_3165_196]]></id>
		<rec><![CDATA[631|540|129|132]]></rec>
	</zone>
	<zone rec="415|771|254|269" id="196">
		<id><![CDATA[1489752693232_3915_197]]></id>
		<rec><![CDATA[415|771|254|269]]></rec>
	</zone>
</page>
