<page uid="99|9">
	<zone rec="57|801|195|101" id="207">
		<id><![CDATA[1489752684040_8346_195]]></id>
		<rec><![CDATA[57|801|195|101]]></rec>
	</zone>
	<zone rec="57|903|195|100" id="208">
		<id><![CDATA[1489752689099_3165_196]]></id>
		<rec><![CDATA[57|903|195|100]]></rec>
	</zone>
	<zone rec="290|801|175|135" id="209">
		<id><![CDATA[1489752693232_3915_197]]></id>
		<rec><![CDATA[290|801|175|135]]></rec>
	</zone>
	<zone rec="42|1059|692|18" id="204">
		<id><![CDATA[1489752645955_8499_187]]></id>
		<rec><![CDATA[42|1059|692|18]]></rec>
	</zone>
	<zone dcp="2|521" rotation="90" rec="735|950|14|110" id="205">
		<id><![CDATA[1489752645957_5235_188]]></id>
		<rec dcp="2|521" rotation="90"><![CDATA[735|950|14|110]]></rec>
	</zone>
	<zone rec="59|461|319|319" id="199">
		<id><![CDATA[1489752697752_5791_198]]></id>
		<rec><![CDATA[59|461|319|319]]></rec>
	</zone>
	<zone rec="290|937|175|85" id="210">
		<id><![CDATA[1489752697752_5791_198]]></id>
		<rec><![CDATA[290|937|175|85]]></rec>
	</zone>
	<zone rec="397|248|285|337" id="202">
		<id><![CDATA[1489752704863_2143_199]]></id>
		<rec><![CDATA[397|248|285|337]]></rec>
	</zone>
	<zone rec="524|801|193|99" id="211">
		<id><![CDATA[1489752704863_2143_199]]></id>
		<rec><![CDATA[524|801|193|99]]></rec>
	</zone>
	<zone rec="457|115|164|100" id="203">
		<id><![CDATA[1489752709456_585_200]]></id>
		<rec><![CDATA[457|115|164|100]]></rec>
	</zone>
	<zone rec="524|901|193|99" id="212">
		<id><![CDATA[1489752709456_585_200]]></id>
		<rec><![CDATA[524|901|193|99]]></rec>
	</zone>
</page>
