<page uid="99">
	<zone id="220" rec="38|794|295|245">
		<id><![CDATA[1489753234954_942_203]]></id>
		<rec><![CDATA[38|794|295|245]]></rec>
	</zone>
	<zone id="222" rec="215|370|523|122">
		<id><![CDATA[1489753277986_9772_217]]></id>
		<rec><![CDATA[215|370|523|122]]></rec>
	</zone>
	<zone id="221" rec="374|798|347|107">
		<id><![CDATA[1489753277986_9772_217]]></id>
		<rec><![CDATA[374|798|347|107]]></rec>
	</zone>
	<zone id="223" rec="512|198|204|169">
		<id><![CDATA[1489753285698_7541_218]]></id>
		<rec><![CDATA[512|198|204|169]]></rec>
	</zone>
	<zone id="225" rec="216|496|522|146">
		<id><![CDATA[1489753292476_4483_219]]></id>
		<rec><![CDATA[216|496|522|146]]></rec>
	</zone>
	<zone id="226" rec="375|906|346|120">
		<id><![CDATA[1489753292476_4483_219]]></id>
		<rec><![CDATA[375|906|346|120]]></rec>
	</zone>
</page>
