<page uid="99">
	<zone id="229" rec="52|885|210|147">
		<id><![CDATA[1489753277986_9772_217]]></id>
		<rec><![CDATA[52|885|210|147]]></rec>
	</zone>
	<zone id="230" rec="283|885|213|120">
		<id><![CDATA[1489753285698_7541_218]]></id>
		<rec><![CDATA[283|885|213|120]]></rec>
	</zone>
	<zone id="231" rec="518|885|205|143">
		<id><![CDATA[1489753292476_4483_219]]></id>
		<rec><![CDATA[518|885|205|143]]></rec>
	</zone>
	<zone id="228" rec="47|575|217|265">
		<id><![CDATA[1489753234974_4931_210]]></id>
		<rec><![CDATA[47|575|217|265]]></rec>
	</zone>
	<zone id="234" rec="41|1058|690|21">
		<id><![CDATA[1489753234984_2830_215]]></id>
		<rec><![CDATA[41|1058|690|21]]></rec>
	</zone>
	<zone dcp="4|552" rotation="90" id="235" rec="734|952|15|111">
		<id><![CDATA[1489753234985_6927_216]]></id>
		<rec dcp="4|552" rotation="90"><![CDATA[734|952|15|111]]></rec>
	</zone>
	<zone id="227" rec="197|129|529|428">
		<id><![CDATA[1489753300386_25_220]]></id>
		<rec><![CDATA[197|129|529|428]]></rec>
	</zone>
	<zone id="232" rec="434|667|280|151">
		<id><![CDATA[1489753300386_25_220]]></id>
		<rec><![CDATA[434|667|280|151]]></rec>
	</zone>
</page>
