<page uid="99">
	<zone id="242" rec="35|795|231|176">
		<id><![CDATA[1489753983853_653_223]]></id>
		<rec><![CDATA[35|795|231|176]]></rec>
	</zone>
	<zone id="244" rec="636|497|307|72">
		<id><![CDATA[1489754079217_465_249]]></id>
		<rec><![CDATA[636|497|307|72]]></rec>
	</zone>
	<zone id="246" rec="528|522|111|115">
		<id><![CDATA[1489754084513_3493_250]]></id>
		<rec><![CDATA[528|522|111|115]]></rec>
	</zone>
	<zone id="247" rec="641|545|307|118">
		<id><![CDATA[1489754089320_991_251]]></id>
		<rec><![CDATA[641|545|307|118]]></rec>
	</zone>
	<zone id="248" rec="605|179|139|232">
		<id><![CDATA[1489754094296_7910_252]]></id>
		<rec><![CDATA[605|179|139|232]]></rec>
	</zone>
	<zone id="249" rec="738|119|215|303">
		<id><![CDATA[1489754098656_3055_253]]></id>
		<rec><![CDATA[738|119|215|303]]></rec>
	</zone>
	<zone id="250" rec="79|510|332|160">
		<id><![CDATA[1489754104280_1217_254]]></id>
		<rec><![CDATA[79|510|332|160]]></rec>
	</zone>
	<zone id="251" rec="72|666|342|109">
		<id><![CDATA[1489754109368_710_255]]></id>
		<rec><![CDATA[72|666|342|109]]></rec>
	</zone>
	<zone id="243" rec="554|423|167|100">
		<id><![CDATA[1489754374773_1632_258]]></id>
		<rec><![CDATA[554|423|167|100]]></rec>
	</zone>
	<zone id="255" rec="468|755|265|290">
		<id><![CDATA[1489754374773_1632_258]]></id>
		<rec><![CDATA[468|755|265|290]]></rec>
	</zone>
</page>
