<page uid="99">
	<zone id="257" rec="53|822|202|108">
		<id><![CDATA[1489754079217_465_249]]></id>
		<rec><![CDATA[53|822|202|108]]></rec>
	</zone>
	<zone id="258" rec="53|930|202|104">
		<id><![CDATA[1489754084513_3493_250]]></id>
		<rec><![CDATA[53|930|202|104]]></rec>
	</zone>
	<zone id="259" rec="285|612|195|110">
		<id><![CDATA[1489754089320_991_251]]></id>
		<rec><![CDATA[285|612|195|110]]></rec>
	</zone>
	<zone id="260" rec="285|723|195|106">
		<id><![CDATA[1489754094296_7910_252]]></id>
		<rec><![CDATA[285|723|195|106]]></rec>
	</zone>
	<zone id="261" rec="285|829|195|90">
		<id><![CDATA[1489754098656_3055_253]]></id>
		<rec><![CDATA[285|829|195|90]]></rec>
	</zone>
	<zone id="263" rec="285|919|195|68">
		<id><![CDATA[1489754104280_1217_254]]></id>
		<rec><![CDATA[285|919|195|68]]></rec>
	</zone>
	<zone id="264" rec="285|987|195|55">
		<id><![CDATA[1489754109368_710_255]]></id>
		<rec><![CDATA[285|987|195|55]]></rec>
	</zone>
	<zone id="256" rec="53|741|202|81">
		<id><![CDATA[1489754374773_1632_258]]></id>
		<rec><![CDATA[53|741|202|81]]></rec>
	</zone>
	<zone id="270" rec="39|1054|693|26">
		<id><![CDATA[1489753983894_4765_245]]></id>
		<rec><![CDATA[39|1054|693|26]]></rec>
	</zone>
	<zone dcp="1|547" rotation="90" id="271" rec="735|952|14|110">
		<id><![CDATA[1489753983896_4320_246]]></id>
		<rec dcp="1|547" rotation="90"><![CDATA[735|952|14|110]]></rec>
	</zone>
	<zone id="276" rec="333|118|399|473">
		<id><![CDATA[1489754021625_3838_247]]></id>
		<rec><![CDATA[333|118|399|473]]></rec>
	</zone>
	<zone id="253" rec="561|694|171|142">
		<id><![CDATA[1489754124753_4875_256]]></id>
		<rec><![CDATA[561|694|171|142]]></rec>
	</zone>
	<zone id="268" rec="520|856|184|85">
		<id><![CDATA[1489754124753_4875_256]]></id>
		<rec><![CDATA[520|856|184|85]]></rec>
	</zone>
	<zone id="254" rec="530|660|122|88">
		<id><![CDATA[1489754129000_7216_257]]></id>
		<rec><![CDATA[530|660|122|88]]></rec>
	</zone>
	<zone id="269" rec="520|941|184|83">
		<id><![CDATA[1489754129000_7216_257]]></id>
		<rec><![CDATA[520|941|184|83]]></rec>
	</zone>
</page>
