<page uid="99">
	<zone id="281" rec="37|830|294|160">
		<id><![CDATA[1489754564212_7163_261]]></id>
		<rec><![CDATA[37|830|294|160]]></rec>
	</zone>
	<zone id="282" rec="199|122|284|246">
		<id><![CDATA[1489754601651_5597_273]]></id>
		<rec><![CDATA[199|122|284|246]]></rec>
	</zone>
	<zone id="283" rec="206|390|312|401">
		<id><![CDATA[1489754606236_3084_274]]></id>
		<rec><![CDATA[206|390|312|401]]></rec>
	</zone>
	<zone id="284" rec="413|779|308|276">
		<id><![CDATA[1489754609835_6925_275]]></id>
		<rec><![CDATA[413|779|308|276]]></rec>
	</zone>
</page>
