<page uid="99">
	<zone id="288" rec="51|830|192|76">
		<id><![CDATA[1489754601651_5597_273]]></id>
		<rec><![CDATA[51|830|192|76]]></rec>
	</zone>
	<zone id="289" rec="51|907|192|135">
		<id><![CDATA[1489754606236_3084_274]]></id>
		<rec><![CDATA[51|907|192|135]]></rec>
	</zone>
	<zone id="290" rec="284|927|200|73">
		<id><![CDATA[1489754609835_6925_275]]></id>
		<rec><![CDATA[284|927|200|73]]></rec>
	</zone>
	<zone id="286" rec="349|118|257|365">
		<id><![CDATA[1489754564223_883_265]]></id>
		<rec><![CDATA[349|118|257|365]]></rec>
	</zone>
	<zone id="292" rec="38|1059|698|20">
		<id><![CDATA[1489754564240_9575_271]]></id>
		<rec><![CDATA[38|1059|698|20]]></rec>
	</zone>
	<zone dcp="3|491" rotation="90" id="293" rec="734|950|16|113">
		<id><![CDATA[1489754564243_9463_272]]></id>
		<rec dcp="3|491" rotation="90"><![CDATA[734|950|16|113]]></rec>
	</zone>
	<zone id="287" rec="392|499|341|398">
		<id><![CDATA[1489754617899_2491_276]]></id>
		<rec><![CDATA[392|499|341|398]]></rec>
	</zone>
	<zone id="291" rec="518|926|204|115">
		<id><![CDATA[1489754617899_2491_276]]></id>
		<rec><![CDATA[518|926|204|115]]></rec>
	</zone>
</page>
