<page uid="99">
	<zone id="300" rec="33|759|237|154">
		<id><![CDATA[1489755067974_1393_279]]></id>
		<rec><![CDATA[33|759|237|154]]></rec>
	</zone>
	<zone id="301" rec="11|270|519|416">
		<id><![CDATA[1489755100384_072_298]]></id>
		<rec><![CDATA[11|270|519|416]]></rec>
	</zone>
	<zone id="306" rec="718|484|420|216">
		<id><![CDATA[1489755117701_7980_301]]></id>
		<rec><![CDATA[718|484|420|216]]></rec>
	</zone>
	<zone id="302" rec="385|854|191|194">
		<id><![CDATA[1489755124645_7796_302]]></id>
		<rec><![CDATA[385|854|191|194]]></rec>
	</zone>
	<zone id="303" rec="494|777|159|222">
		<id><![CDATA[1489755129166_3089_303]]></id>
		<rec><![CDATA[494|777|159|222]]></rec>
	</zone>
</page>
