<page uid="99">
	<zone id="311" rec="52|763|205|114">
		<id><![CDATA[1489755100384_072_298]]></id>
		<rec><![CDATA[52|763|205|114]]></rec>
	</zone>
	<zone id="315" rec="285|765|210|116">
		<id><![CDATA[1489755117701_7980_301]]></id>
		<rec><![CDATA[285|765|210|116]]></rec>
	</zone>
	<zone id="316" rec="285|881|210|80">
		<id><![CDATA[1489755124645_7796_302]]></id>
		<rec><![CDATA[285|881|210|80]]></rec>
	</zone>
	<zone id="317" rec="285|960|210|91">
		<id><![CDATA[1489755129166_3089_303]]></id>
		<rec><![CDATA[285|960|210|91]]></rec>
	</zone>
	<zone id="320" rec="41|1058|694|21">
		<id><![CDATA[1489755068009_349_296]]></id>
		<rec><![CDATA[41|1058|694|21]]></rec>
	</zone>
	<zone dcp="0|544" rotation="90" id="321" rec="734|950|16|112">
		<id><![CDATA[1489755068010_3713_297]]></id>
		<rec dcp="0|544" rotation="90"><![CDATA[734|950|16|112]]></rec>
	</zone>
	<zone id="304" rec="35|119|411|249">
		<id><![CDATA[1489755105606_244_299]]></id>
		<rec><![CDATA[35|119|411|249]]></rec>
	</zone>
	<zone id="312" rec="52|878|205|70">
		<id><![CDATA[1489755105606_244_299]]></id>
		<rec><![CDATA[52|878|205|70]]></rec>
	</zone>
	<zone id="305" rec="159|373|291|130">
		<id><![CDATA[1489755111597_8853_300]]></id>
		<rec><![CDATA[159|373|291|130]]></rec>
	</zone>
	<zone id="313" rec="52|949|205|95">
		<id><![CDATA[1489755111597_8853_300]]></id>
		<rec><![CDATA[52|949|205|95]]></rec>
	</zone>
	<zone id="308" rec="468|118|206|191">
		<id><![CDATA[1489755134181_1133_304]]></id>
		<rec><![CDATA[468|118|206|191]]></rec>
	</zone>
	<zone id="318" rec="518|761|207|86">
		<id><![CDATA[1489755134181_1133_304]]></id>
		<rec><![CDATA[518|761|207|86]]></rec>
	</zone>
	<zone id="309" rec="487|374|245|370">
		<id><![CDATA[1489755138493_6343_305]]></id>
		<rec><![CDATA[487|374|245|370]]></rec>
	</zone>
	<zone id="319" rec="518|847|207|123">
		<id><![CDATA[1489755138493_6343_305]]></id>
		<rec><![CDATA[518|847|207|123]]></rec>
	</zone>
</page>
