<page uid="99">
	<zone id="327" rec="109|807|232|201">
		<id><![CDATA[1489755557601_2213_308]]></id>
		<rec><![CDATA[109|807|232|201]]></rec>
	</zone>
	<zone id="328" rec="191|186|171|214">
		<id><![CDATA[1489755589984_8388_329]]></id>
		<rec><![CDATA[191|186|171|214]]></rec>
	</zone>
	<zone id="329" rec="204|408|215|249">
		<id><![CDATA[1489755594216_3479_330]]></id>
		<rec><![CDATA[204|408|215|249]]></rec>
	</zone>
	<zone id="331" rec="33|231|179|487">
		<id><![CDATA[1489755599345_1391_331]]></id>
		<rec><![CDATA[33|231|179|487]]></rec>
	</zone>
	<zone id="339" rec="393|737|245|161">
		<id><![CDATA[1489755643448_1281_336]]></id>
		<rec><![CDATA[393|737|245|161]]></rec>
	</zone>
	<zone id="340" rec="383|923|280|120">
		<id><![CDATA[1489755646896_807_337]]></id>
		<rec><![CDATA[383|923|280|120]]></rec>
	</zone>
</page>
