<page uid="99">
	<zone id="342" rec="52|731|205|87">
		<id><![CDATA[1489755589984_8388_329]]></id>
		<rec><![CDATA[52|731|205|87]]></rec>
	</zone>
	<zone id="344" rec="52|818|205|119">
		<id><![CDATA[1489755594216_3479_330]]></id>
		<rec><![CDATA[52|818|205|119]]></rec>
	</zone>
	<zone id="345" rec="52|937|205|109">
		<id><![CDATA[1489755599345_1391_331]]></id>
		<rec><![CDATA[52|937|205|109]]></rec>
	</zone>
	<zone id="351" rec="518|838|203|120">
		<id><![CDATA[1489755643448_1281_336]]></id>
		<rec><![CDATA[518|838|203|120]]></rec>
	</zone>
	<zone id="352" rec="518|959|203|93">
		<id><![CDATA[1489755646896_807_337]]></id>
		<rec><![CDATA[518|959|203|93]]></rec>
	</zone>
	<zone id="353" rec="42|1057|692|24">
		<id><![CDATA[1489755557647_5897_327]]></id>
		<rec><![CDATA[42|1057|692|24]]></rec>
	</zone>
	<zone dcp="-2|552" rotation="90" id="354" rec="734|951|15|108">
		<id><![CDATA[1489755557648_5392_328]]></id>
		<rec dcp="-2|552" rotation="90"><![CDATA[734|951|15|108]]></rec>
	</zone>
	<zone id="333" rec="16|499|466|175">
		<id><![CDATA[1489755619984_2454_332]]></id>
		<rec><![CDATA[16|499|466|175]]></rec>
	</zone>
	<zone id="346" rec="284|735|164|70">
		<id><![CDATA[1489755619984_2454_332]]></id>
		<rec><![CDATA[284|735|164|70]]></rec>
	</zone>
	<zone id="335" rec="450|264|160|150">
		<id><![CDATA[1489755627152_7819_333]]></id>
		<rec><![CDATA[450|264|160|150]]></rec>
	</zone>
	<zone id="347" rec="285|806|204|83">
		<id><![CDATA[1489755627152_7819_333]]></id>
		<rec><![CDATA[285|806|204|83]]></rec>
	</zone>
	<zone id="336" rec="575|268|132|119">
		<id><![CDATA[1489755634616_4870_334]]></id>
		<rec><![CDATA[575|268|132|119]]></rec>
	</zone>
	<zone id="348" rec="285|889|204|82">
		<id><![CDATA[1489755634616_4870_334]]></id>
		<rec><![CDATA[285|889|204|82]]></rec>
	</zone>
	<zone id="337" rec="496|465|235|313">
		<id><![CDATA[1489755638984_4085_335]]></id>
		<rec><![CDATA[496|465|235|313]]></rec>
	</zone>
	<zone id="349" rec="285|971|204|83">
		<id><![CDATA[1489755638984_4085_335]]></id>
		<rec><![CDATA[285|971|204|83]]></rec>
	</zone>
</page>
