<page uid="99">
	<zone id="363" rec="81|830|303|143">
		<id><![CDATA[1489755952976_426_341]]></id>
		<rec><![CDATA[81|830|303|143]]></rec>
	</zone>
	<zone id="362" rec="3|325|434|277">
		<id><![CDATA[1489756010835_4478_356]]></id>
		<rec><![CDATA[3|325|434|277]]></rec>
	</zone>
	<zone id="364" rec="570|117|230|226">
		<id><![CDATA[1489756014924_5549_357]]></id>
		<rec><![CDATA[570|117|230|226]]></rec>
	</zone>
	<zone id="365" rec="453|381|319|371">
		<id><![CDATA[1489756019196_6431_358]]></id>
		<rec><![CDATA[453|381|319|371]]></rec>
	</zone>
	<zone id="366" rec="434|778|245|277">
		<id><![CDATA[1489756023692_356_359]]></id>
		<rec><![CDATA[434|778|245|277]]></rec>
	</zone>
</page>
