<page uid="99">
	<zone id="371" rec="51|815|207|93">
		<id><![CDATA[1489756010835_4478_356]]></id>
		<rec><![CDATA[51|815|207|93]]></rec>
	</zone>
	<zone id="372" rec="51|909|207|82">
		<id><![CDATA[1489756014924_5549_357]]></id>
		<rec><![CDATA[51|909|207|82]]></rec>
	</zone>
	<zone id="373" rec="280|814|215|119">
		<id><![CDATA[1489756019196_6431_358]]></id>
		<rec><![CDATA[280|814|215|119]]></rec>
	</zone>
	<zone id="374" rec="280|933|215|96">
		<id><![CDATA[1489756023692_356_359]]></id>
		<rec><![CDATA[280|933|215|96]]></rec>
	</zone>
	<zone id="378" rec="40|1058|689|23">
		<id><![CDATA[1489755953006_6790_354]]></id>
		<rec><![CDATA[40|1058|689|23]]></rec>
	</zone>
	<zone dcp="1|532" rotation="90" id="379" rec="735|953|14|107">
		<id><![CDATA[1489755953008_3429_355]]></id>
		<rec dcp="1|532" rotation="90"><![CDATA[735|953|14|107]]></rec>
	</zone>
	<zone id="368" rec="397|119|335|415">
		<id><![CDATA[1489756028716_8483_360]]></id>
		<rec><![CDATA[397|119|335|415]]></rec>
	</zone>
	<zone id="375" rec="517|813|208|82">
		<id><![CDATA[1489756028716_8483_360]]></id>
		<rec><![CDATA[517|813|208|82]]></rec>
	</zone>
	<zone id="369" rec="514|549|218|251">
		<id><![CDATA[1489756880522_3914_362]]></id>
		<rec><![CDATA[514|549|218|251]]></rec>
	</zone>
	<zone id="376" rec="517|895|208|66">
		<id><![CDATA[1489756880522_3914_362]]></id>
		<rec><![CDATA[517|895|208|66]]></rec>
	</zone>
	<zone id="377" rec="517|961|208|89">
		<id><![CDATA[1489756880522_3914_362]]></id>
		<rec><![CDATA[517|961|208|89]]></rec>
	</zone>
</page>
