<page uid="99">
	<zone id="442" rec="47|836|249|177">
		<id><![CDATA[1489759405123_2667_393]]></id>
		<rec><![CDATA[47|836|249|177]]></rec>
	</zone>
	<zone id="434" rec="219|116|222|289">
		<id><![CDATA[1489759442191_249_401]]></id>
		<rec><![CDATA[219|116|222|289]]></rec>
	</zone>
	<zone id="435" rec="192|457|346|259">
		<id><![CDATA[1489759446071_3872_402]]></id>
		<rec><![CDATA[192|457|346|259]]></rec>
	</zone>
	<zone id="436" rec="666|419|520|388">
		<id><![CDATA[1489759450287_4097_403]]></id>
		<rec><![CDATA[666|419|520|388]]></rec>
	</zone>
	<zone id="438" rec="352|778|336|271">
		<id><![CDATA[1489759455168_3298_404]]></id>
		<rec><![CDATA[352|778|336|271]]></rec>
	</zone>
</page>
