<page uid="99">
	<zone id="444" rec="51|844|203|84">
		<id><![CDATA[1489759442191_249_401]]></id>
		<rec><![CDATA[51|844|203|84]]></rec>
	</zone>
	<zone id="445" rec="51|929|203|118">
		<id><![CDATA[1489759446071_3872_402]]></id>
		<rec><![CDATA[51|929|203|118]]></rec>
	</zone>
	<zone id="446" rec="285|842|183|97">
		<id><![CDATA[1489759450287_4097_403]]></id>
		<rec><![CDATA[285|842|183|97]]></rec>
	</zone>
	<zone id="447" rec="285|939|183|84">
		<id><![CDATA[1489759455168_3298_404]]></id>
		<rec><![CDATA[285|939|183|84]]></rec>
	</zone>
	<zone id="449" rec="41|1058|693|22">
		<id><![CDATA[1489759405136_7022_399]]></id>
		<rec><![CDATA[41|1058|693|22]]></rec>
	</zone>
	<zone dcp="3|556" rotation="90" id="450" rec="734|950|16|113">
		<id><![CDATA[1489759405138_3742_400]]></id>
		<rec dcp="3|556" rotation="90"><![CDATA[734|950|16|113]]></rec>
	</zone>
	<zone id="440" rec="503|426|228|451">
		<id><![CDATA[1489759462486_7352_405]]></id>
		<rec><![CDATA[503|426|228|451]]></rec>
	</zone>
	<zone id="448" rec="515|905|187|87">
		<id><![CDATA[1489759462486_7352_405]]></id>
		<rec><![CDATA[515|905|187|87]]></rec>
	</zone>
	<zone id="457" rec="456|117|276|294">
		<id><![CDATA[1489759484134_2166_406]]></id>
		<rec><![CDATA[456|117|276|294]]></rec>
	</zone>
</page>
