<page uid="99">
	<zone id="464" rec="592|620|182|183">
		<id><![CDATA[1489759865565_1612_413]]></id>
		<rec><![CDATA[592|620|182|183]]></rec>
	</zone>
	<zone id="470" rec="34|855|287|160">
		<id><![CDATA[1489759865578_2349_418]]></id>
		<rec><![CDATA[34|855|287|160]]></rec>
	</zone>
	<zone id="460" rec="222|373|430|84">
		<id><![CDATA[1489759917508_8372_429]]></id>
		<rec><![CDATA[222|373|430|84]]></rec>
	</zone>
	<zone id="461" rec="236|127|403|212">
		<id><![CDATA[1489759929002_7813_430]]></id>
		<rec><![CDATA[236|127|403|212]]></rec>
	</zone>
	<zone id="459" rec="223|459|425|173">
		<id><![CDATA[1489759963385_4243_435]]></id>
		<rec><![CDATA[223|459|425|173]]></rec>
	</zone>
	<zone id="462" rec="354|818|295|237">
		<id><![CDATA[1489759963385_4243_435]]></id>
		<rec><![CDATA[354|818|295|237]]></rec>
	</zone>
</page>
