<page uid="99">
	<zone id="473" rec="54|914|206|67">
		<id><![CDATA[1489759917508_8372_429]]></id>
		<rec><![CDATA[54|914|206|67]]></rec>
	</zone>
	<zone id="474" rec="54|981|206|69">
		<id><![CDATA[1489759929002_7813_430]]></id>
		<rec><![CDATA[54|981|206|69]]></rec>
	</zone>
	<zone id="472" rec="54|821|206|93">
		<id><![CDATA[1489759963385_4243_435]]></id>
		<rec><![CDATA[54|821|206|93]]></rec>
	</zone>
	<zone id="481" rec="40|1057|694|23">
		<id><![CDATA[1489759865590_335_426]]></id>
		<rec><![CDATA[40|1057|694|23]]></rec>
	</zone>
	<zone dcp="2|511" rotation="90" id="483" rec="735|952|14|109">
		<id><![CDATA[1489759865591_8476_427]]></id>
		<rec dcp="2|511" rotation="90"><![CDATA[735|952|14|109]]></rec>
	</zone>
	<zone id="465" rec="513|118|220|193">
		<id><![CDATA[1489759939282_7944_431]]></id>
		<rec><![CDATA[513|118|220|193]]></rec>
	</zone>
	<zone id="475" rec="285|821|197|69">
		<id><![CDATA[1489759939282_7944_431]]></id>
		<rec><![CDATA[285|821|197|69]]></rec>
	</zone>
	<zone id="466" rec="281|324|450|241">
		<id><![CDATA[1489759945482_4772_432]]></id>
		<rec><![CDATA[281|324|450|241]]></rec>
	</zone>
	<zone id="478" rec="285|891|197|94">
		<id><![CDATA[1489759945482_4772_432]]></id>
		<rec><![CDATA[285|891|197|94]]></rec>
	</zone>
	<zone id="467" rec="281|580|218|183">
		<id><![CDATA[1489759951012_4430_433]]></id>
		<rec><![CDATA[281|580|218|183]]></rec>
	</zone>
	<zone id="479" rec="522|821|190|85">
		<id><![CDATA[1489759951012_4430_433]]></id>
		<rec><![CDATA[522|821|190|85]]></rec>
	</zone>
	<zone id="468" rec="514|579|218|225">
		<id><![CDATA[1489759955026_3422_434]]></id>
		<rec><![CDATA[514|579|218|225]]></rec>
	</zone>
	<zone id="480" rec="522|906|190|84">
		<id><![CDATA[1489759955026_3422_434]]></id>
		<rec><![CDATA[522|906|190|84]]></rec>
	</zone>
</page>
