<page uid="99">
	<zone id="533" rec="124|827|240|171">
		<id><![CDATA[1489761249636_241_464]]></id>
		<rec><![CDATA[124|827|240|171]]></rec>
	</zone>
	<zone id="491" rec="90|126|176|614">
		<id><![CDATA[1489761260099_6673_465]]></id>
		<rec><![CDATA[90|126|176|614]]></rec>
	</zone>
	<zone id="492" rec="303|446|131|300">
		<id><![CDATA[1489761264627_1333_466]]></id>
		<rec><![CDATA[303|446|131|300]]></rec>
	</zone>
	<zone id="493" rec="419|141|296|231">
		<id><![CDATA[1489761269891_7949_467]]></id>
		<rec><![CDATA[419|141|296|231]]></rec>
	</zone>
	<zone id="503" rec="435|487|284|33">
		<id><![CDATA[1489761282172_741_469]]></id>
		<rec><![CDATA[435|487|284|33]]></rec>
	</zone>
	<zone id="507" rec="435|557|283|94">
		<id><![CDATA[1489761289867_5988_470]]></id>
		<rec><![CDATA[435|557|283|94]]></rec>
	</zone>
	<zone id="508" rec="435|651|283|91">
		<id><![CDATA[1489761296027_5874_471]]></id>
		<rec><![CDATA[435|651|283|91]]></rec>
	</zone>
	<zone id="506" rec="435|532|284|31">
		<id><![CDATA[1489761345986_8771_475]]></id>
		<rec><![CDATA[435|532|284|31]]></rec>
	</zone>
	<zone id="495" rec="520|446|64|63">
		<id><![CDATA[1489761446441_868_476]]></id>
		<rec><![CDATA[520|446|64|63]]></rec>
	</zone>
	<zone id="496" rec="449|785|208|202">
		<id><![CDATA[1489761446441_868_476]]></id>
		<rec><![CDATA[449|785|208|202]]></rec>
	</zone>
</page>
