<page uid="99">
	<zone id="510" rec="52|697|174|92">
		<id><![CDATA[1489761260099_6673_465]]></id>
		<rec><![CDATA[52|697|174|92]]></rec>
	</zone>
	<zone id="511" rec="52|790|174|95">
		<id><![CDATA[1489761264627_1333_466]]></id>
		<rec><![CDATA[52|790|174|95]]></rec>
	</zone>
	<zone id="512" rec="52|886|174|69">
		<id><![CDATA[1489761269891_7949_467]]></id>
		<rec><![CDATA[52|886|174|69]]></rec>
	</zone>
	<zone id="514" rec="285|697|171|79">
		<id><![CDATA[1489761282172_741_469]]></id>
		<rec><![CDATA[285|697|171|79]]></rec>
	</zone>
	<zone id="515" rec="285|777|171|90">
		<id><![CDATA[1489761289867_5988_470]]></id>
		<rec><![CDATA[285|777|171|90]]></rec>
	</zone>
	<zone id="516" rec="285|868|171|91">
		<id><![CDATA[1489761296027_5874_471]]></id>
		<rec><![CDATA[285|868|171|91]]></rec>
	</zone>
	<zone id="517" rec="285|960|171|92">
		<id><![CDATA[1489761296027_5874_471]]></id>
		<rec><![CDATA[285|960|171|92]]></rec>
	</zone>
	<zone id="519" rec="515|697|184|88">
		<id><![CDATA[1489761345986_8771_475]]></id>
		<rec><![CDATA[515|697|184|88]]></rec>
	</zone>
	<zone id="513" rec="52|956|174|68">
		<id><![CDATA[1489761446441_868_476]]></id>
		<rec><![CDATA[52|956|174|68]]></rec>
	</zone>
	<zone id="523" rec="38|1058|696|19">
		<id><![CDATA[1489760787522_4590_462]]></id>
		<rec><![CDATA[38|1058|696|19]]></rec>
	</zone>
	<zone dcp="3|524" rotation="90" id="525" rec="735|950|13|108">
		<id><![CDATA[1489760787523_1732_463]]></id>
		<rec dcp="3|524" rotation="90"><![CDATA[735|950|13|108]]></rec>
	</zone>
	<zone id="499" rec="315|416|136|52">
		<id><![CDATA[1489761325747_4216_472]]></id>
		<rec><![CDATA[315|416|136|52]]></rec>
	</zone>
	<zone id="520" rec="515|785|184|72">
		<id><![CDATA[1489761325747_4216_472]]></id>
		<rec><![CDATA[515|785|184|72]]></rec>
	</zone>
	<zone id="500" rec="314|469|141|139">
		<id><![CDATA[1489761330003_5213_473]]></id>
		<rec><![CDATA[314|469|141|139]]></rec>
	</zone>
	<zone id="521" rec="515|857|184|108">
		<id><![CDATA[1489761330003_5213_473]]></id>
		<rec><![CDATA[515|857|184|108]]></rec>
	</zone>
	<zone id="498" rec="556|542|171|126">
		<id><![CDATA[1489761334555_9148_474]]></id>
		<rec><![CDATA[556|542|171|126]]></rec>
	</zone>
	<zone id="522" rec="515|965|184|71">
		<id><![CDATA[1489761334555_9148_474]]></id>
		<rec><![CDATA[515|965|184|71]]></rec>
	</zone>
</page>
