<page uid="99">
	<zone id="538" rec="146|117|174|457">
		<id><![CDATA[1489761698623_7016_491]]></id>
		<rec><![CDATA[146|117|174|457]]></rec>
	</zone>
	<zone id="540" rec="88|629|369|216">
		<id><![CDATA[1489761704698_1923_492]]></id>
		<rec><![CDATA[88|629|369|216]]></rec>
	</zone>
	<zone id="542" rec="581|611|173|242">
		<id><![CDATA[1489761704698_1923_492]]></id>
		<rec><![CDATA[581|611|173|242]]></rec>
	</zone>
	<zone id="541" rec="445|600|135|330">
		<id><![CDATA[1489761708728_7966_493]]></id>
		<rec><![CDATA[445|600|135|330]]></rec>
	</zone>
</page>
