<page uid="99">
	<zone id="548" rec="159|569|178|78">
		<id><![CDATA[1489761698623_7016_491]]></id>
		<rec><![CDATA[159|569|178|78]]></rec>
	</zone>
	<zone id="549" rec="159|647|178|114">
		<id><![CDATA[1489761704698_1923_492]]></id>
		<rec><![CDATA[159|647|178|114]]></rec>
	</zone>
	<zone id="550" rec="159|762|178|134">
		<id><![CDATA[1489761708728_7966_493]]></id>
		<rec><![CDATA[159|762|178|134]]></rec>
	</zone>
	<zone id="544" rec="95|118|307|434">
		<id><![CDATA[1489761664724_9467_483]]></id>
		<rec><![CDATA[95|118|307|434]]></rec>
	</zone>
	<zone id="546" rec="418|335|234|315">
		<id><![CDATA[1489761664727_4670_484]]></id>
		<rec><![CDATA[418|335|234|315]]></rec>
	</zone>
	<zone id="547" rec="405|692|228|156">
		<id><![CDATA[1489761664729_4674_485]]></id>
		<rec><![CDATA[405|692|228|156]]></rec>
	</zone>
	<zone id="551" rec="39|1058|692|20">
		<id><![CDATA[1489761664736_1583_489]]></id>
		<rec><![CDATA[39|1058|692|20]]></rec>
	</zone>
	<zone dcp="4|497" rotation="90" id="552" rec="735|951|13|108">
		<id><![CDATA[1489761664738_4562_490]]></id>
		<rec dcp="4|497" rotation="90"><![CDATA[735|951|13|108]]></rec>
	</zone>
</page>
