<page uid="99">
	<zone id="563" rec="33|736|233|175">
		<id><![CDATA[1489762095226_9433_500]]></id>
		<rec><![CDATA[33|736|233|175]]></rec>
	</zone>
	<zone id="558" rec="188|118|328|198">
		<id><![CDATA[1489762127466_783_517]]></id>
		<rec><![CDATA[188|118|328|198]]></rec>
	</zone>
	<zone id="559" rec="193|335|395|107">
		<id><![CDATA[1489762131557_278_518]]></id>
		<rec><![CDATA[193|335|395|107]]></rec>
	</zone>
	<zone id="560" rec="189|437|400|159">
		<id><![CDATA[1489762136562_2568_519]]></id>
		<rec><![CDATA[189|437|400|159]]></rec>
	</zone>
	<zone id="562" rec="308|732|169|286">
		<id><![CDATA[1489762146058_9955_520]]></id>
		<rec><![CDATA[308|732|169|286]]></rec>
	</zone>
	<zone id="566" rec="740|382|401|340">
		<id><![CDATA[1489762158178_3594_522]]></id>
		<rec><![CDATA[740|382|401|340]]></rec>
	</zone>
	<zone id="568" rec="670|374|87|118">
		<id><![CDATA[1489762162938_8982_523]]></id>
		<rec><![CDATA[670|374|87|118]]></rec>
	</zone>
	<zone id="569" rec="589|361|79|119">
		<id><![CDATA[1489762167210_115_524]]></id>
		<rec><![CDATA[589|361|79|119]]></rec>
	</zone>
	<zone id="564" rec="491|711|214|343">
		<id><![CDATA[1489762174522_797_525]]></id>
		<rec><![CDATA[491|711|214|343]]></rec>
	</zone>
</page>
