<page uid="99">
	<zone id="571" rec="52|736|209|105">
		<id><![CDATA[1489762127466_783_517]]></id>
		<rec><![CDATA[52|736|209|105]]></rec>
	</zone>
	<zone id="572" rec="52|842|209|80">
		<id><![CDATA[1489762131557_278_518]]></id>
		<rec><![CDATA[52|842|209|80]]></rec>
	</zone>
	<zone id="573" rec="52|923|209|127">
		<id><![CDATA[1489762136562_2568_519]]></id>
		<rec><![CDATA[52|923|209|127]]></rec>
	</zone>
	<zone id="574" rec="282|737.25|212|130">
		<id><![CDATA[1489762146058_9955_520]]></id>
		<rec><![CDATA[282|737.25|212|130]]></rec>
	</zone>
	<zone id="576" rec="282|965|212|83">
		<id><![CDATA[1489762158178_3594_522]]></id>
		<rec><![CDATA[282|965|212|83]]></rec>
	</zone>
	<zone id="577" rec="518|738|211|120">
		<id><![CDATA[1489762162938_8982_523]]></id>
		<rec><![CDATA[518|738|211|120]]></rec>
	</zone>
	<zone id="578" rec="518|859|211|69">
		<id><![CDATA[1489762167210_115_524]]></id>
		<rec><![CDATA[518|859|211|69]]></rec>
	</zone>
	<zone id="579" rec="518|929|211|83">
		<id><![CDATA[1489762174522_797_525]]></id>
		<rec><![CDATA[518|929|211|83]]></rec>
	</zone>
	<zone id="580" rec="41|1058|691|20">
		<id><![CDATA[1489762095249_3423_515]]></id>
		<rec><![CDATA[41|1058|691|20]]></rec>
	</zone>
	<zone dcp="1|459" rotation="90" id="581" rec="735|950|14|109">
		<id><![CDATA[1489762095251_6670_516]]></id>
		<rec dcp="1|459" rotation="90"><![CDATA[735|950|14|109]]></rec>
	</zone>
	<zone id="567" rec="436|119|296|481">
		<id><![CDATA[1489762152778_3961_521]]></id>
		<rec><![CDATA[436|119|296|481]]></rec>
	</zone>
	<zone id="575" rec="282|868|212|96">
		<id><![CDATA[1489762152778_3961_521]]></id>
		<rec><![CDATA[282|868|212|96]]></rec>
	</zone>
</page>
