<page uid="99">
	<zone id="593" rec="94|891|308|156">
		<id><![CDATA[1489762587412_3460_534]]></id>
		<rec><![CDATA[94|891|308|156]]></rec>
	</zone>
	<zone id="586" rec="24|138|346|208">
		<id><![CDATA[1489762616317_6113_545]]></id>
		<rec><![CDATA[24|138|346|208]]></rec>
	</zone>
	<zone id="587" rec="29|360|378|111">
		<id><![CDATA[1489762621173_7155_546]]></id>
		<rec><![CDATA[29|360|378|111]]></rec>
	</zone>
	<zone id="588" rec="26|464|381|146">
		<id><![CDATA[1489762625613_6422_547]]></id>
		<rec><![CDATA[26|464|381|146]]></rec>
	</zone>
	<zone id="589" rec="566|293|264|372">
		<id><![CDATA[1489762629461_6577_548]]></id>
		<rec><![CDATA[566|293|264|372]]></rec>
	</zone>
	<zone id="590" rec="768|640|241|223">
		<id><![CDATA[1489762633965_3398_549]]></id>
		<rec><![CDATA[768|640|241|223]]></rec>
	</zone>
	<zone id="592" rec="437|767|251|289">
		<id><![CDATA[1489762648253_7331_550]]></id>
		<rec><![CDATA[437|767|251|289]]></rec>
	</zone>
</page>
