<page uid="99">
	<zone id="597" rec="284|575|213|110">
		<id><![CDATA[1489762616317_6113_545]]></id>
		<rec><![CDATA[284|575|213|110]]></rec>
	</zone>
	<zone id="598" rec="284|686|213|82">
		<id><![CDATA[1489762621173_7155_546]]></id>
		<rec><![CDATA[284|686|213|82]]></rec>
	</zone>
	<zone id="599" rec="284|768|213|146">
		<id><![CDATA[1489762625613_6422_547]]></id>
		<rec><![CDATA[284|768|213|146]]></rec>
	</zone>
	<zone id="600" rec="284|915|213|131">
		<id><![CDATA[1489762629461_6577_548]]></id>
		<rec><![CDATA[284|915|213|131]]></rec>
	</zone>
	<zone id="602" rec="520|583|190|111">
		<id><![CDATA[1489762633965_3398_549]]></id>
		<rec><![CDATA[520|583|190|111]]></rec>
	</zone>
	<zone id="603" rec="520|695|190|120">
		<id><![CDATA[1489762648253_7331_550]]></id>
		<rec><![CDATA[520|695|190|120]]></rec>
	</zone>
	<zone id="595" rec="40|1059|692|18">
		<id><![CDATA[1489762587416_3292_536]]></id>
		<rec><![CDATA[40|1059|692|18]]></rec>
	</zone>
	<zone dcp="-1|535" rotation="90" id="596" rec="734|952|14|109">
		<id><![CDATA[1489762587418_3954_537]]></id>
		<rec dcp="-1|535" rotation="90"><![CDATA[734|952|14|109]]></rec>
	</zone>
	<zone id="594" rec="281|120|298|382">
		<id><![CDATA[1489762653101_8912_551]]></id>
		<rec><![CDATA[281|120|298|382]]></rec>
	</zone>
	<zone id="605" rec="520|816|190|130">
		<id><![CDATA[1489762653101_8912_551]]></id>
		<rec><![CDATA[520|816|190|130]]></rec>
	</zone>
</page>
