<page uid="99">
	<zone id="614" rec="188|887|208|148">
		<id><![CDATA[1489763008385_8811_558]]></id>
		<rec><![CDATA[188|887|208|148]]></rec>
	</zone>
	<zone id="615" rec="447|837|237|218">
		<id><![CDATA[1489763008387_1064_559]]></id>
		<rec><![CDATA[447|837|237|218]]></rec>
	</zone>
	<zone id="610" rec="499|118|233|302">
		<id><![CDATA[1489763047816_3074_571]]></id>
		<rec><![CDATA[499|118|233|302]]></rec>
	</zone>
	<zone id="611" rec="417|445|286|157">
		<id><![CDATA[1489763053418_8824_572]]></id>
		<rec><![CDATA[417|445|286|157]]></rec>
	</zone>
	<zone id="612" rec="121|546|324|60">
		<id><![CDATA[1489763058544_7723_573]]></id>
		<rec><![CDATA[121|546|324|60]]></rec>
	</zone>
	<zone id="617" rec="323|177|186|205">
		<id><![CDATA[1489763068232_1593_575]]></id>
		<rec><![CDATA[323|177|186|205]]></rec>
	</zone>
	<zone id="613" rec="240|607|280|187">
		<id><![CDATA[1489763109055_6543_577]]></id>
		<rec><![CDATA[240|607|280|187]]></rec>
	</zone>
</page>
