<page uid="99">
	<zone id="628" rec="42|1058|690|19">
		<id><![CDATA[1489763008407_8213_569]]></id>
		<rec><![CDATA[42|1058|690|19]]></rec>
	</zone>
	<zone dcp="3|450" rotation="90" id="629" rec="735|950|13|111">
		<id><![CDATA[1489763008409_7659_570]]></id>
		<rec dcp="3|450" rotation="90"><![CDATA[735|950|13|111]]></rec>
	</zone>
	<zone id="620" rec="52|767|191|81">
		<id><![CDATA[1489763047816_3074_571]]></id>
		<rec><![CDATA[52|767|191|81]]></rec>
	</zone>
	<zone id="621" rec="53|849|190|68">
		<id><![CDATA[1489763053418_8824_572]]></id>
		<rec><![CDATA[53|849|190|68]]></rec>
	</zone>
	<zone id="622" rec="53|918|190|128">
		<id><![CDATA[1489763058544_7723_573]]></id>
		<rec><![CDATA[53|918|190|128]]></rec>
	</zone>
	<zone id="624" rec="289|874|170|94">
		<id><![CDATA[1489763068232_1593_575]]></id>
		<rec><![CDATA[289|874|170|94]]></rec>
	</zone>
	<zone id="618" rec="462|303|270|441">
		<id><![CDATA[1489763072385_3679_576]]></id>
		<rec><![CDATA[462|303|270|441]]></rec>
	</zone>
	<zone id="627" rec="519|768|186|117">
		<id><![CDATA[1489763072385_3679_576]]></id>
		<rec><![CDATA[519|768|186|117]]></rec>
	</zone>
	<zone id="616" rec="203|117|243|370">
		<id><![CDATA[1489763109055_6543_577]]></id>
		<rec><![CDATA[203|117|243|370]]></rec>
	</zone>
	<zone id="623" rec="288|767|170|106">
		<id><![CDATA[1489763109055_6543_577]]></id>
		<rec><![CDATA[288|767|170|106]]></rec>
	</zone>
</page>
