<page uid="99">
	<zone id="1008" rec="36|823|261|226">
		<id><![CDATA[1489764237196_262_792]]></id>
		<rec><![CDATA[36|823|261|226]]></rec>
	</zone>
	<zone id="992" rec="474|270|179|87">
		<id><![CDATA[1489764284011_1921_807]]></id>
		<rec><![CDATA[474|270|179|87]]></rec>
	</zone>
	<zone id="993" rec="474|360|178|158">
		<id><![CDATA[1489764288091_7180_808]]></id>
		<rec><![CDATA[474|360|178|158]]></rec>
	</zone>
	<zone id="994" rec="473|120|161|150">
		<id><![CDATA[1489764292683_745_809]]></id>
		<rec><![CDATA[473|120|161|150]]></rec>
	</zone>
	<zone id="995" rec="50|464|467|194">
		<id><![CDATA[1489764296627_1179_810]]></id>
		<rec><![CDATA[50|464|467|194]]></rec>
	</zone>
	<zone id="997" rec="268|364|201|96">
		<id><![CDATA[1489764301259_665_811]]></id>
		<rec><![CDATA[268|364|201|96]]></rec>
	</zone>
	<zone id="1004" rec="392|797|90|88">
		<id><![CDATA[1489764329746_5490_816]]></id>
		<rec><![CDATA[392|797|90|88]]></rec>
	</zone>
	<zone id="1005" rec="440|888|127|148">
		<id><![CDATA[1489764335106_9460_817]]></id>
		<rec><![CDATA[440|888|127|148]]></rec>
	</zone>
	<zone id="1006" rec="590|851|128|187">
		<id><![CDATA[1489764338922_3391_818]]></id>
		<rec><![CDATA[590|851|128|187]]></rec>
	</zone>
</page>
