<page uid="99">
	<zone id="1023" rec="41|1058|691|19">
		<id><![CDATA[1489764237216_6163_805]]></id>
		<rec><![CDATA[41|1058|691|19]]></rec>
	</zone>
	<zone dcp="1|480" rotation="90" id="1024" rec="735|952|13|108">
		<id><![CDATA[1489764237218_9099_806]]></id>
		<rec dcp="1|480" rotation="90"><![CDATA[735|952|13|108]]></rec>
	</zone>
	<zone id="1010" rec="51|689|206|84">
		<id><![CDATA[1489764284011_1921_807]]></id>
		<rec><![CDATA[51|689|206|84]]></rec>
	</zone>
	<zone id="1011" rec="51|774|206|98">
		<id><![CDATA[1489764288091_7180_808]]></id>
		<rec><![CDATA[51|774|206|98]]></rec>
	</zone>
	<zone id="1012" rec="51|873|206|74">
		<id><![CDATA[1489764292683_745_809]]></id>
		<rec><![CDATA[51|873|206|74]]></rec>
	</zone>
	<zone id="1013" rec="51|948|206|99">
		<id><![CDATA[1489764296627_1179_810]]></id>
		<rec><![CDATA[51|948|206|99]]></rec>
	</zone>
	<zone id="1014" rec="284|687|196|74">
		<id><![CDATA[1489764301259_665_811]]></id>
		<rec><![CDATA[284|687|196|74]]></rec>
	</zone>
	<zone id="998" rec="89|166|110|57">
		<id><![CDATA[1489764307147_6813_812]]></id>
		<rec><![CDATA[89|166|110|57]]></rec>
	</zone>
	<zone id="1015" rec="284|762|196|92">
		<id><![CDATA[1489764307147_6813_812]]></id>
		<rec><![CDATA[284|762|196|92]]></rec>
	</zone>
	<zone id="999" rec="68|223|143|252">
		<id><![CDATA[1489764311754_173_813]]></id>
		<rec><![CDATA[68|223|143|252]]></rec>
	</zone>
	<zone id="1016" rec="284|855|196|72">
		<id><![CDATA[1489764311754_173_813]]></id>
		<rec><![CDATA[284|855|196|72]]></rec>
	</zone>
	<zone id="1000" rec="146|312|125|204">
		<id><![CDATA[1489764316699_3842_814]]></id>
		<rec><![CDATA[146|312|125|204]]></rec>
	</zone>
	<zone id="1017" rec="284|928|196|95">
		<id><![CDATA[1489764316699_3842_814]]></id>
		<rec><![CDATA[284|928|196|95]]></rec>
	</zone>
	<zone id="1002" rec="305|118|427|554">
		<id><![CDATA[1489764324850_6949_815]]></id>
		<rec><![CDATA[305|118|427|554]]></rec>
	</zone>
	<zone id="1019" rec="516|688|214|97">
		<id><![CDATA[1489764324850_6949_815]]></id>
		<rec><![CDATA[516|688|214|97]]></rec>
	</zone>
	<zone id="1020" rec="516|786|214|72">
		<id><![CDATA[1489764329746_5490_816]]></id>
		<rec><![CDATA[516|786|214|72]]></rec>
	</zone>
	<zone id="1021" rec="516|859|214|81">
		<id><![CDATA[1489764335106_9460_817]]></id>
		<rec><![CDATA[516|859|214|81]]></rec>
	</zone>
	<zone id="1022" rec="516|941|214|73">
		<id><![CDATA[1489764338922_3391_818]]></id>
		<rec><![CDATA[516|941|214|73]]></rec>
	</zone>
</page>
