<page uid="99">
	<zone id="1046" rec="37|726|231|187">
		<id><![CDATA[1489764872651_5357_831]]></id>
		<rec><![CDATA[37|726|231|187]]></rec>
	</zone>
	<zone id="1032" rec="318|178|120|471">
		<id><![CDATA[1489764940980_6613_844]]></id>
		<rec><![CDATA[318|178|120|471]]></rec>
	</zone>
	<zone id="1033" rec="148|401|161|309">
		<id><![CDATA[1489764944756_2178_845]]></id>
		<rec><![CDATA[148|401|161|309]]></rec>
	</zone>
	<zone id="1036" rec="633|394|301|242">
		<id><![CDATA[1489764948571_2723_846]]></id>
		<rec><![CDATA[633|394|301|242]]></rec>
	</zone>
	<zone id="1037" rec="423|182|186|84">
		<id><![CDATA[1489764954284_2421_847]]></id>
		<rec><![CDATA[423|182|186|84]]></rec>
	</zone>
	<zone id="1039" rec="286|837|186|84">
		<id><![CDATA[1489764964924_8828_849]]></id>
		<rec><![CDATA[286|837|186|84]]></rec>
	</zone>
	<zone id="1040" rec="284|917|192|111">
		<id><![CDATA[1489764969259_6120_850]]></id>
		<rec><![CDATA[284|917|192|111]]></rec>
	</zone>
	<zone id="1043" rec="518|886|154|169">
		<id><![CDATA[1489764981203_8379_852]]></id>
		<rec><![CDATA[518|886|154|169]]></rec>
	</zone>
	<zone id="1044" rec="610|899|121|106">
		<id><![CDATA[1489764986363_4465_853]]></id>
		<rec><![CDATA[610|899|121|106]]></rec>
	</zone>
</page>
