<page uid="99">
	<zone id="1061" rec="42|1058|691|20">
		<id><![CDATA[1489764872672_4830_842]]></id>
		<rec><![CDATA[42|1058|691|20]]></rec>
	</zone>
	<zone dcp="0|554" rotation="90" id="1062" rec="735|951|14|110">
		<id><![CDATA[1489764872673_8427_843]]></id>
		<rec dcp="0|554" rotation="90"><![CDATA[735|951|14|110]]></rec>
	</zone>
	<zone id="1048" rec="50|718|210|89">
		<id><![CDATA[1489764940980_6613_844]]></id>
		<rec><![CDATA[50|718|210|89]]></rec>
	</zone>
	<zone id="1049" rec="50|808|210|93">
		<id><![CDATA[1489764944756_2178_845]]></id>
		<rec><![CDATA[50|808|210|93]]></rec>
	</zone>
	<zone id="1050" rec="50|905|210|98">
		<id><![CDATA[1489764948571_2723_846]]></id>
		<rec><![CDATA[50|905|210|98]]></rec>
	</zone>
	<zone id="1052" rec="286|719|192|88">
		<id><![CDATA[1489764954284_2421_847]]></id>
		<rec><![CDATA[286|719|192|88]]></rec>
	</zone>
	<zone id="1038" rec="120|204|198|271">
		<id><![CDATA[1489764958459_929_848]]></id>
		<rec><![CDATA[120|204|198|271]]></rec>
	</zone>
	<zone id="1053" rec="286|807|192|87">
		<id><![CDATA[1489764958459_929_848]]></id>
		<rec><![CDATA[286|807|192|87]]></rec>
	</zone>
	<zone id="1054" rec="286|895|192|97">
		<id><![CDATA[1489764964924_8828_849]]></id>
		<rec><![CDATA[286|895|192|97]]></rec>
	</zone>
	<zone id="1056" rec="515|718|200|113">
		<id><![CDATA[1489764969259_6120_850]]></id>
		<rec><![CDATA[515|718|200|113]]></rec>
	</zone>
	<zone id="1042" rec="330|117|401|507">
		<id><![CDATA[1489764977123_604_851]]></id>
		<rec><![CDATA[330|117|401|507]]></rec>
	</zone>
	<zone id="1057" rec="515|831|200|77">
		<id><![CDATA[1489764977123_604_851]]></id>
		<rec><![CDATA[515|831|200|77]]></rec>
	</zone>
	<zone id="1058" rec="515|909|200|78">
		<id><![CDATA[1489764981203_8379_852]]></id>
		<rec><![CDATA[515|909|200|78]]></rec>
	</zone>
	<zone id="1060" rec="515|988|200|67">
		<id><![CDATA[1489764986363_4465_853]]></id>
		<rec><![CDATA[515|988|200|67]]></rec>
	</zone>
</page>
