<page uid="99">
	<zone id="1078" rec="34|850|278|174">
		<id><![CDATA[1489765961701_6928_860]]></id>
		<rec><![CDATA[34|850|278|174]]></rec>
	</zone>
	<zone id="1079" rec="453|800|267|254">
		<id><![CDATA[1489765961704_1718_861]]></id>
		<rec><![CDATA[453|800|267|254]]></rec>
	</zone>
	<zone id="1074" rec="50|441|487|388">
		<id><![CDATA[1489765986601_3530_872]]></id>
		<rec><![CDATA[50|441|487|388]]></rec>
	</zone>
	<zone id="1075" rec="497|119|158|405">
		<id><![CDATA[1489765990713_9722_873]]></id>
		<rec><![CDATA[497|119|158|405]]></rec>
	</zone>
	<zone id="1076" rec="765|448|200|308">
		<id><![CDATA[1489765994176_635_874]]></id>
		<rec><![CDATA[765|448|200|308]]></rec>
	</zone>
</page>
