<page uid="99">
	<zone dcp="3|527" rotation="90" id="1092" rec="735|952|14|109">
		<id><![CDATA[1489765961725_9859_870]]></id>
		<rec dcp="3|527" rotation="90"><![CDATA[735|952|14|109]]></rec>
	</zone>
	<zone id="1094" rec="42|1058|687|20">
		<id><![CDATA[1489765961728_6075_871]]></id>
		<rec><![CDATA[42|1058|687|20]]></rec>
	</zone>
	<zone id="1083" rec="52|853|193|96">
		<id><![CDATA[1489765986601_3530_872]]></id>
		<rec><![CDATA[52|853|193|96]]></rec>
	</zone>
	<zone id="1084" rec="52|950|193|94">
		<id><![CDATA[1489765990713_9722_873]]></id>
		<rec><![CDATA[52|950|193|94]]></rec>
	</zone>
	<zone id="1086" rec="285|851|187|90">
		<id><![CDATA[1489765994176_635_874]]></id>
		<rec><![CDATA[285|851|187|90]]></rec>
	</zone>
	<zone id="1077" rec="191|551|183|213">
		<id><![CDATA[1489765998008_1763_875]]></id>
		<rec><![CDATA[191|551|183|213]]></rec>
	</zone>
	<zone id="1087" rec="285|941|187|77">
		<id><![CDATA[1489765998008_1763_875]]></id>
		<rec><![CDATA[285|941|187|77]]></rec>
	</zone>
	<zone id="1081" rec="429|118|303|328">
		<id><![CDATA[1489766004664_9993_876]]></id>
		<rec><![CDATA[429|118|303|328]]></rec>
	</zone>
	<zone id="1089" rec="519|851|196|75">
		<id><![CDATA[1489766004664_9993_876]]></id>
		<rec><![CDATA[519|851|196|75]]></rec>
	</zone>
	<zone id="1082" rec="513|459|219|292">
		<id><![CDATA[1489766008584_952_877]]></id>
		<rec><![CDATA[513|459|219|292]]></rec>
	</zone>
	<zone id="1091" rec="519|926|196|92">
		<id><![CDATA[1489766008584_952_877]]></id>
		<rec><![CDATA[519|926|196|92]]></rec>
	</zone>
</page>
