<page uid="99">
	<zone rec="35|806|214|161" id="1114">
		<id><![CDATA[1489994018069_871_25]]></id>
		<rec><![CDATA[35|806|214|161]]></rec>
	</zone>
	<zone rec="3|119|208|669" id="1103">
		<id><![CDATA[1489994044899_475_36]]></id>
		<rec><![CDATA[3|119|208|669]]></rec>
	</zone>
	<zone rec="518|816|190|94" id="1115">
		<id><![CDATA[1489994044899_475_36]]></id>
		<rec><![CDATA[518|816|190|94]]></rec>
	</zone>
	<zone rec="217|422|402|106" id="1104">
		<id><![CDATA[1489994049851_174_37]]></id>
		<rec><![CDATA[217|422|402|106]]></rec>
	</zone>
	<zone rec="518|912|190|130" id="1116">
		<id><![CDATA[1489994049851_174_37]]></id>
		<rec><![CDATA[518|912|190|130]]></rec>
	</zone>
	<zone rec="644|520|131|137" id="1105">
		<id><![CDATA[1489994055355_857_38]]></id>
		<rec><![CDATA[644|520|131|137]]></rec>
	</zone>
	<zone rec="269|780|229|274" id="1108">
		<id><![CDATA[1489994064742_4714_40]]></id>
		<rec><![CDATA[269|780|229|274]]></rec>
	</zone>
</page>
