<page uid="99">
	<zone rec="41|1058|691|21" id="1127">
		<id><![CDATA[1489994018085_5138_34]]></id>
		<rec><![CDATA[41|1058|691|21]]></rec>
	</zone>
	<zone dcp="1|492" rotation="90" rec="734|953|15|106" id="1128">
		<id><![CDATA[1489994018086_2474_35]]></id>
		<rec dcp="1|492" rotation="90"><![CDATA[734|953|15|106]]></rec>
	</zone>
	<zone rec="53|815|178|71" id="1118">
		<id><![CDATA[1489994055355_857_38]]></id>
		<rec><![CDATA[53|815|178|71]]></rec>
	</zone>
	<zone rec="4|518|136|141" id="1106">
		<id><![CDATA[1489994059059_134_39]]></id>
		<rec><![CDATA[4|518|136|141]]></rec>
	</zone>
	<zone rec="53|888|178|68" id="1119">
		<id><![CDATA[1489994059059_134_39]]></id>
		<rec><![CDATA[53|888|178|68]]></rec>
	</zone>
	<zone rec="54|958|213|73" id="1120">
		<id><![CDATA[1489994064742_4714_40]]></id>
		<rec><![CDATA[54|958|213|73]]></rec>
	</zone>
	<zone rec="401|116|332|227" id="1110">
		<id><![CDATA[1489994071555_773_41]]></id>
		<rec><![CDATA[401|116|332|227]]></rec>
	</zone>
	<zone rec="286|816|177|73" id="1123">
		<id><![CDATA[1489994071555_773_41]]></id>
		<rec><![CDATA[286|816|177|73]]></rec>
	</zone>
	<zone rec="438|547|171|230" id="1111">
		<id><![CDATA[1489994076108_4792_42]]></id>
		<rec><![CDATA[438|547|171|230]]></rec>
	</zone>
	<zone rec="286|890|207|120" id="1124">
		<id><![CDATA[1489994076108_4792_42]]></id>
		<rec><![CDATA[286|890|207|120]]></rec>
	</zone>
	<zone rec="586|380|97|150" id="1112">
		<id><![CDATA[1489994080275_6227_43]]></id>
		<rec><![CDATA[586|380|97|150]]></rec>
	</zone>
	<zone rec="519|814|171|100" id="1126">
		<id><![CDATA[1489994080275_6227_43]]></id>
		<rec><![CDATA[519|814|171|100]]></rec>
	</zone>
</page>
