<page uid="99">
	<zone rec="38|820|334|174" id="1134">
		<id><![CDATA[1489994590381_8216_46]]></id>
		<rec><![CDATA[38|820|334|174]]></rec>
	</zone>
	<zone rec="224|353|314|290" id="1135">
		<id><![CDATA[1489994634628_4056_69]]></id>
		<rec><![CDATA[224|353|314|290]]></rec>
	</zone>
	<zone rec="73|118|143|482" id="1136">
		<id><![CDATA[1489994639989_5912_70]]></id>
		<rec><![CDATA[73|118|143|482]]></rec>
	</zone>
	<zone rec="707|561|177|172" id="1137">
		<id><![CDATA[1489994648805_769_71]]></id>
		<rec><![CDATA[707|561|177|172]]></rec>
	</zone>
	<zone rec="543|802|157|246" id="1140">
		<id><![CDATA[1489994648805_769_71]]></id>
		<rec><![CDATA[543|802|157|246]]></rec>
	</zone>
	<zone rec="420|839|124|162" id="1139">
		<id><![CDATA[1489994653772_7916_72]]></id>
		<rec><![CDATA[420|839|124|162]]></rec>
	</zone>
</page>
