<page uid="99">
	<zone rec="42|1058|691|19" id="1147">
		<id><![CDATA[1489994590401_667_58]]></id>
		<rec><![CDATA[42|1058|691|19]]></rec>
	</zone>
	<zone dcp="5|530" rotation="90" rec="735|952|14|110" id="1148">
		<id><![CDATA[1489994590403_931_59]]></id>
		<rec dcp="5|530" rotation="90"><![CDATA[735|952|14|110]]></rec>
	</zone>
	<zone rec="53|822|188|109" id="1150">
		<id><![CDATA[1489994634628_4056_69]]></id>
		<rec><![CDATA[53|822|188|109]]></rec>
	</zone>
	<zone rec="54|932|187|96" id="1151">
		<id><![CDATA[1489994639989_5912_70]]></id>
		<rec><![CDATA[54|932|187|96]]></rec>
	</zone>
	<zone rec="285|820|186|82" id="1153">
		<id><![CDATA[1489994648805_769_71]]></id>
		<rec><![CDATA[285|820|186|82]]></rec>
	</zone>
	<zone rec="96|585|243|216" id="1138">
		<id><![CDATA[1489994653772_7916_72]]></id>
		<rec><![CDATA[96|585|243|216]]></rec>
	</zone>
	<zone rec="285|902|186|67" id="1154">
		<id><![CDATA[1489994653772_7916_72]]></id>
		<rec><![CDATA[285|902|186|67]]></rec>
	</zone>
	<zone rec="541|497|159|148" id="1142">
		<id><![CDATA[1489994664044_137_73]]></id>
		<rec><![CDATA[541|497|159|148]]></rec>
	</zone>
	<zone rec="285|970|186|83" id="1155">
		<id><![CDATA[1489994664044_137_73]]></id>
		<rec><![CDATA[285|970|186|83]]></rec>
	</zone>
	<zone rec="393|461|143|150" id="1143">
		<id><![CDATA[1489994670892_734_74]]></id>
		<rec><![CDATA[393|461|143|150]]></rec>
	</zone>
	<zone rec="519|772|202|68" id="1157">
		<id><![CDATA[1489994670892_734_74]]></id>
		<rec><![CDATA[519|772|202|68]]></rec>
	</zone>
	<zone rec="102|118|202|183" id="1144">
		<id><![CDATA[1489994674670_7033_75]]></id>
		<rec><![CDATA[102|118|202|183]]></rec>
	</zone>
	<zone rec="519|842|202|69" id="1158">
		<id><![CDATA[1489994674670_7033_75]]></id>
		<rec><![CDATA[519|842|202|69]]></rec>
	</zone>
	<zone rec="317|119|201|182" id="1145">
		<id><![CDATA[1489994678172_2795_76]]></id>
		<rec><![CDATA[317|119|201|182]]></rec>
	</zone>
	<zone rec="519|912|202|70" id="1159">
		<id><![CDATA[1489994678172_2795_76]]></id>
		<rec><![CDATA[519|912|202|70]]></rec>
	</zone>
	<zone rec="532|119|199|182" id="1146">
		<id><![CDATA[1489994682340_2789_77]]></id>
		<rec><![CDATA[532|119|199|182]]></rec>
	</zone>
	<zone rec="519|984|202|66" id="1160">
		<id><![CDATA[1489994682340_2789_77]]></id>
		<rec><![CDATA[519|984|202|66]]></rec>
	</zone>
</page>
