<page uid="99">
	<zone rec="36|751|197|188" id="1168">
		<id><![CDATA[1489995295581_7610_80]]></id>
		<rec><![CDATA[36|751|197|188]]></rec>
	</zone>
	<zone rec="509|438|99|105" id="1180">
		<id><![CDATA[1489995295600_3978_89]]></id>
		<rec><![CDATA[509|438|99|105]]></rec>
	</zone>
	<zone rec="635|452|395|168" id="1169">
		<id><![CDATA[1489995338756_2835_105]]></id>
		<rec><![CDATA[635|452|395|168]]></rec>
	</zone>
	<zone rec="717|116|405|214" id="1171">
		<id><![CDATA[1489995349596_4325_107]]></id>
		<rec><![CDATA[717|116|405|214]]></rec>
	</zone>
	<zone rec="2|568|681|144" id="1172">
		<id><![CDATA[1489995365404_1465_108]]></id>
		<rec><![CDATA[2|568|681|144]]></rec>
	</zone>
	<zone rec="302|197|187|350" id="1173">
		<id><![CDATA[1489995372108_6763_109]]></id>
		<rec><![CDATA[302|197|187|350]]></rec>
	</zone>
	<zone rec="463|929|196|102" id="1185">
		<id><![CDATA[1489995378891_1694_110]]></id>
		<rec><![CDATA[463|929|196|102]]></rec>
	</zone>
	<zone rec="460|884|168|65" id="1184">
		<id><![CDATA[1489995383124_8762_111]]></id>
		<rec><![CDATA[460|884|168|65]]></rec>
	</zone>
	<zone rec="370|852|177|114" id="1183">
		<id><![CDATA[1489995387652_1239_112]]></id>
		<rec><![CDATA[370|852|177|114]]></rec>
	</zone>
	<zone rec="683|399|389|92" id="1170">
		<id><![CDATA[1489995428299_1023_113]]></id>
		<rec><![CDATA[683|399|389|92]]></rec>
	</zone>
	<zone rec="510|275|90|162" id="1179">
		<id><![CDATA[1489995659458_3878_115]]></id>
		<rec><![CDATA[510|275|90|162]]></rec>
	</zone>
	<zone rec="575|724|86|60" id="1182">
		<id><![CDATA[1489995659458_3878_115]]></id>
		<rec><![CDATA[575|724|86|60]]></rec>
	</zone>
</page>
