<page uid="99">
	<zone rec="384|118|347|208" id="1177">
		<id><![CDATA[1489995295596_1374_87]]></id>
		<rec><![CDATA[384|118|347|208]]></rec>
	</zone>
	<zone rec="42|1058|691|20" id="1199">
		<id><![CDATA[1489995295615_9052_103]]></id>
		<rec><![CDATA[42|1058|691|20]]></rec>
	</zone>
	<zone dcp="3|537" rotation="90" rec="736|952|14|109" id="1200">
		<id><![CDATA[1489995295617_253_104]]></id>
		<rec dcp="3|537" rotation="90"><![CDATA[736|952|14|109]]></rec>
	</zone>
	<zone rec="53|766|196|106" id="1187">
		<id><![CDATA[1489995338756_2835_105]]></id>
		<rec><![CDATA[53|766|196|106]]></rec>
	</zone>
	<zone rec="54|945|167|70" id="1189">
		<id><![CDATA[1489995349596_4325_107]]></id>
		<rec><![CDATA[54|945|167|70]]></rec>
	</zone>
	<zone rec="286|768|164|80" id="1191">
		<id><![CDATA[1489995365404_1465_108]]></id>
		<rec><![CDATA[286|768|164|80]]></rec>
	</zone>
	<zone rec="287|850|158|115" id="1192">
		<id><![CDATA[1489995372108_6763_109]]></id>
		<rec><![CDATA[287|850|158|115]]></rec>
	</zone>
	<zone rec="287|966|158|85" id="1194">
		<id><![CDATA[1489995378891_1694_110]]></id>
		<rec><![CDATA[287|966|158|85]]></rec>
	</zone>
	<zone rec="519|766|132|72" id="1196">
		<id><![CDATA[1489995383124_8762_111]]></id>
		<rec><![CDATA[519|766|132|72]]></rec>
	</zone>
	<zone rec="519|840|133|68" id="1197">
		<id><![CDATA[1489995387652_1239_112]]></id>
		<rec><![CDATA[519|840|133|68]]></rec>
	</zone>
	<zone rec="438|342|294|225" id="1175">
		<id><![CDATA[1489995428299_1023_113]]></id>
		<rec><![CDATA[438|342|294|225]]></rec>
	</zone>
	<zone rec="54|874|167|69" id="1188">
		<id><![CDATA[1489995428299_1023_113]]></id>
		<rec><![CDATA[54|874|167|69]]></rec>
	</zone>
	<zone rec="519|909|178|94" id="1198">
		<id><![CDATA[1489995659458_3878_115]]></id>
		<rec><![CDATA[519|909|178|94]]></rec>
	</zone>
</page>
