<page uid="99">
	<zone rec="36|837|253|156" id="1221">
		<id><![CDATA[1489996021796_5571_130]]></id>
		<rec><![CDATA[36|837|253|156]]></rec>
	</zone>
	<zone rec="564|514|109|60" id="1213">
		<id><![CDATA[1489996069403_1550_145]]></id>
		<rec><![CDATA[564|514|109|60]]></rec>
	</zone>
	<zone rec="720|945|155|81" id="1217">
		<id><![CDATA[1489996069403_1550_145]]></id>
		<rec><![CDATA[720|945|155|81]]></rec>
	</zone>
	<zone rec="576|464|94|54" id="1214">
		<id><![CDATA[1489996074859_7512_146]]></id>
		<rec><![CDATA[576|464|94|54]]></rec>
	</zone>
	<zone rec="724|882|143|66" id="1216">
		<id><![CDATA[1489996074859_7512_146]]></id>
		<rec><![CDATA[724|882|143|66]]></rec>
	</zone>
	<zone rec="672|479|78|95" id="1215">
		<id><![CDATA[1489996082947_6567_147]]></id>
		<rec><![CDATA[672|479|78|95]]></rec>
	</zone>
	<zone rec="332|231|160|353" id="1219">
		<id><![CDATA[1489996108123_720_148]]></id>
		<rec><![CDATA[332|231|160|353]]></rec>
	</zone>
	<zone rec="337|793|355|261" id="1211">
		<id><![CDATA[1489996175146_7540_151]]></id>
		<rec><![CDATA[337|793|355|261]]></rec>
	</zone>
</page>
