<page uid="99">
	<zone rec="42|1059|689|17" id="1222">
		<id><![CDATA[1489996021798_246_131]]></id>
		<rec><![CDATA[42|1059|689|17]]></rec>
	</zone>
	<zone dcp="3|504" rotation="90" rec="735|949|13|113" id="1224">
		<id><![CDATA[1489996021801_7514_132]]></id>
		<rec dcp="3|504" rotation="90"><![CDATA[735|949|13|113]]></rec>
	</zone>
	<zone rec="2|464|386|145" id="1209">
		<id><![CDATA[1489996047372_4515_142]]></id>
		<rec><![CDATA[2|464|386|145]]></rec>
	</zone>
	<zone rec="286|643|192|106" id="1226">
		<id><![CDATA[1489996047372_4515_142]]></id>
		<rec><![CDATA[286|643|192|106]]></rec>
	</zone>
	<zone rec="32|136|353|231" id="1212">
		<id><![CDATA[1489996062979_1861_144]]></id>
		<rec><![CDATA[32|136|353|231]]></rec>
	</zone>
	<zone rec="286|822|192|75" id="1228">
		<id><![CDATA[1489996062979_1861_144]]></id>
		<rec><![CDATA[286|822|192|75]]></rec>
	</zone>
	<zone rec="285|899|211|72" id="1229">
		<id><![CDATA[1489996069403_1550_145]]></id>
		<rec><![CDATA[285|899|211|72]]></rec>
	</zone>
	<zone rec="286|973|136|70" id="1231">
		<id><![CDATA[1489996074859_7512_146]]></id>
		<rec><![CDATA[286|973|136|70]]></rec>
	</zone>
	<zone rec="99|815|161|220" id="1218">
		<id><![CDATA[1489996082947_6567_147]]></id>
		<rec><![CDATA[99|815|161|220]]></rec>
	</zone>
	<zone rec="519|644|122|58" id="1233">
		<id><![CDATA[1489996082947_6567_147]]></id>
		<rec><![CDATA[519|644|122|58]]></rec>
	</zone>
	<zone rec="519|802|201|106" id="1235">
		<id><![CDATA[1489996108123_720_148]]></id>
		<rec><![CDATA[519|802|201|106]]></rec>
	</zone>
	<zone rec="13|740|101|60" id="1242">
		<id><![CDATA[1489996141099_6144_150]]></id>
		<rec><![CDATA[13|740|101|60]]></rec>
	</zone>
	<zone rec="519|704|199|97" id="1234">
		<id><![CDATA[1489996141099_6144_150]]></id>
		<rec><![CDATA[519|704|199|97]]></rec>
	</zone>
	<zone rec="4|414|383|49" id="1210">
		<id><![CDATA[1489996175146_7540_151]]></id>
		<rec><![CDATA[4|414|383|49]]></rec>
	</zone>
	<zone rec="285|750|211|70" id="1227">
		<id><![CDATA[1489996175146_7540_151]]></id>
		<rec><![CDATA[285|750|211|70]]></rec>
	</zone>
	<zone rec="425|118|308|359" id="1220">
		<id><![CDATA[1489996309648_2697_152]]></id>
		<rec><![CDATA[425|118|308|359]]></rec>
	</zone>
	<zone rec="520|909|146|85" id="1237">
		<id><![CDATA[1489996309648_2697_152]]></id>
		<rec><![CDATA[520|909|146|85]]></rec>
	</zone>
</page>
