<page uid="99|9">
	<zone rec="403|115|336|499" id="1256">
		<id><![CDATA[1489997703529_3281_163]]></id>
		<rec><![CDATA[403|115|336|499]]></rec>
	</zone>
	<zone rec="401|639|339|424" id="1257">
		<id><![CDATA[1489997703530_4249_164]]></id>
		<rec><![CDATA[401|639|339|424]]></rec>
	</zone>
	<zone rec="35|107|350|508" id="1258">
		<id><![CDATA[1490174815112_658_31]]></id>
		<rec><![CDATA[35|107|350|508]]></rec>
	</zone>
	<zone rec="35|632|353|426" id="1259">
		<id><![CDATA[1490174815112_658_31]]></id>
		<rec><![CDATA[35|632|353|426]]></rec>
	</zone>
</page>
