<page uid="99|9">
	<zone rec="40|1057|692|22" id="1560">
		<id><![CDATA[1490002505915_2354_427]]></id>
		<rec><![CDATA[40|1057|692|22]]></rec>
	</zone>
	<zone rec="39|123|699|80" id="1874">
		<id><![CDATA[1490008740605_7486_701]]></id>
		<rec><![CDATA[39|123|699|80]]></rec>
	</zone>
	<zone rec="426|206|314|548" id="1875">
		<id><![CDATA[1490008747097_7298_703]]></id>
		<rec><![CDATA[426|206|314|548]]></rec>
	</zone>
	<zone rec="428|756|310|243" id="1876">
		<id><![CDATA[1490008747097_7298_703]]></id>
		<rec><![CDATA[428|756|310|243]]></rec>
	</zone>
	<zone dcp="3|526" rotation="90" rec="734|953|15|110" id="1878">
		<id><![CDATA[1490008811704_9390_706]]></id>
		<rec dcp="3|526" rotation="90"><![CDATA[734|953|15|110]]></rec>
	</zone>
	<zone rec="37|204|387|551" id="1558">
		<id><![CDATA[1490174851653_4081_45]]></id>
		<rec><![CDATA[37|204|387|551]]></rec>
	</zone>
	<zone rec="38|758|387|281" id="1559">
		<id><![CDATA[1490174851653_4081_45]]></id>
		<rec><![CDATA[38|758|387|281]]></rec>
	</zone>
</page>
