<page uid="99">
	<zone rec="37|118|677|88" id="1578">
		<id><![CDATA[1490003102540_5669_443]]></id>
		<rec><![CDATA[37|118|677|88]]></rec>
	</zone>
	<zone rec="40|1057|690|22" id="1581">
		<id><![CDATA[1490003102546_8769_446]]></id>
		<rec><![CDATA[40|1057|690|22]]></rec>
	</zone>
	<zone dcp="4|560" rotation="90" rec="733|953|16|106" id="1582">
		<id><![CDATA[1490003102548_4453_447]]></id>
		<rec dcp="4|560" rotation="90"><![CDATA[733|953|16|106]]></rec>
	</zone>
	<zone rec="38|209|351|567" id="1579">
		<id><![CDATA[1490008256456_4940_653]]></id>
		<rec><![CDATA[38|209|351|567]]></rec>
	</zone>
	<zone rec="39|778|350|231" id="1811">
		<id><![CDATA[1490008256456_4940_653]]></id>
		<rec><![CDATA[39|778|350|231]]></rec>
	</zone>
	<zone rec="389|212|350|563" id="1580">
		<id><![CDATA[1490008309567_8916_654]]></id>
		<rec><![CDATA[389|212|350|563]]></rec>
	</zone>
	<zone rec="391|779|346|163" id="1813">
		<id><![CDATA[1490008309567_8916_654]]></id>
		<rec><![CDATA[391|779|346|163]]></rec>
	</zone>
</page>
