<page uid="99|20">
	<zone rec="39|1058|696|20" id="1590">
		<id><![CDATA[1490003290543_8317_453]]></id>
		<rec><![CDATA[39|1058|696|20]]></rec>
	</zone>
	<zone rec="40|129|350|560" id="1588">
		<id><![CDATA[1490003535594_2614_459]]></id>
		<rec><![CDATA[40|129|350|560]]></rec>
	</zone>
	<zone rec="41|690|349|325" id="1596">
		<id><![CDATA[1490003535594_2614_459]]></id>
		<rec><![CDATA[41|690|349|325]]></rec>
	</zone>
	<zone rec="390|130|351|558" id="1589">
		<id><![CDATA[1490003541983_890_460]]></id>
		<rec><![CDATA[390|130|351|558]]></rec>
	</zone>
	<zone rec="393|689|358|369" id="1597">
		<id><![CDATA[1490003541983_890_460]]></id>
		<rec><![CDATA[393|689|358|369]]></rec>
	</zone>
</page>
