<page uid="99|9">
	<zone rec="40|1057|690|22" id="1616">
		<id><![CDATA[1490004478111_6140_476]]></id>
		<rec><![CDATA[40|1057|690|22]]></rec>
	</zone>
	<zone dcp="2|551" rotation="90" rec="733|949|18|112" id="1617">
		<id><![CDATA[1490004478113_7117_477]]></id>
		<rec dcp="2|551" rotation="90"><![CDATA[733|949|18|112]]></rec>
	</zone>
	<zone rec="132|135|370|783" id="2338">
		<id><![CDATA[1490175606729_9146_251]]></id>
		<rec><![CDATA[132|135|370|783]]></rec>
	</zone>
	<zone rec="510|122|228|630" id="1615">
		<id><![CDATA[1490175606729_9146_251]]></id>
		<rec><![CDATA[510|122|228|630]]></rec>
	</zone>
</page>
