<page uid="99|9">
	<zone rec="43|983|294|60" id="1640">
		<id><![CDATA[1490004832571_9443_497]]></id>
		<rec><![CDATA[43|983|294|60]]></rec>
	</zone>
	<zone rec="40|1056|694|26" id="1641">
		<id><![CDATA[1490004832573_3442_498]]></id>
		<rec><![CDATA[40|1056|694|26]]></rec>
	</zone>
	<zone dcp="780|519" rotation="90" rec="734|951|17|110" id="1653">
		<id><![CDATA[1490004926026_280_505]]></id>
		<rec dcp="780|519" rotation="90"><![CDATA[734|951|17|110]]></rec>
	</zone>
	<zone rec="42|155|496|806" id="2365">
		<id><![CDATA[1490175672128_2889_269]]></id>
		<rec><![CDATA[42|155|496|806]]></rec>
	</zone>
	<zone rec="547|130|191|455" id="1639">
		<id><![CDATA[1490175672128_2889_269]]></id>
		<rec><![CDATA[547|130|191|455]]></rec>
	</zone>
	<zone rec="549|587|189|417" id="1650">
		<id><![CDATA[1490175672128_2889_269]]></id>
		<rec><![CDATA[549|587|189|417]]></rec>
	</zone>
</page>
