<page uid="99">
	<zone rec="39|1057|691|22" id="1741">
		<id><![CDATA[1490006734085_4633_585]]></id>
		<rec><![CDATA[39|1057|691|22]]></rec>
	</zone>
	<zone dcp="2|538" rotation="90" rec="733|950|18|111" id="1742">
		<id><![CDATA[1490006734087_3212_586]]></id>
		<rec dcp="2|538" rotation="90"><![CDATA[733|950|18|111]]></rec>
	</zone>
	<zone multiZoom="0" multizoom="0" rec="38|103|703|691" id="1739">
		<id><![CDATA[1490006739345_7299_587]]></id>
		<rec><![CDATA[38|103|703|691]]></rec>
	</zone>
	<zone multiZoom="0" multizoom="0" rec="38|797|514|238" id="1740">
		<id><![CDATA[1490006739345_7299_587]]></id>
		<rec><![CDATA[38|797|514|238]]></rec>
	</zone>
</page>
