<page uid="99">
	<zone rec="41|1055|694|25" id="1749">
		<id><![CDATA[1490006912813_828_592]]></id>
		<rec><![CDATA[41|1055|694|25]]></rec>
	</zone>
	<zone dcp="777|503" rotation="90" rec="732|950|20|112" id="1750">
		<id><![CDATA[1490006912815_5472_593]]></id>
		<rec dcp="777|503" rotation="90"><![CDATA[732|950|20|112]]></rec>
	</zone>
	<zone multiZoom="0" multizoom="0" rec="37|111|707|727" id="1747">
		<id><![CDATA[1490006941591_8494_598]]></id>
		<rec><![CDATA[37|111|707|727]]></rec>
	</zone>
	<zone multiZoom="0" multizoom="0" rec="37|839|529|201" id="1748">
		<id><![CDATA[1490006941591_8494_598]]></id>
		<rec><![CDATA[37|839|529|201]]></rec>
	</zone>
</page>
