<page uid="99">
	<zone rec="39|1058|693|21" id="1754">
		<id><![CDATA[1490006912821_6311_596]]></id>
		<rec><![CDATA[39|1058|693|21]]></rec>
	</zone>
	<zone dcp="-1|510" rotation="90" rec="731|950|21|110" id="1755">
		<id><![CDATA[1490006912823_981_597]]></id>
		<rec dcp="-1|510" rotation="90"><![CDATA[731|950|21|110]]></rec>
	</zone>
	<zone multiZoom="0" multizoom="0" rec="38|127|705|628" id="1752">
		<id><![CDATA[1490006947383_2194_599]]></id>
		<rec><![CDATA[38|127|705|628]]></rec>
	</zone>
	<zone multiZoom="0" multizoom="0" rec="38|756|434|227" id="1753">
		<id><![CDATA[1490006947383_2194_599]]></id>
		<rec><![CDATA[38|756|434|227]]></rec>
	</zone>
</page>
