<page uid="99|9|20">
	<zone rec="733|950|20|111" dcp="782|472" rotation="90" id="1783">
		<id><![CDATA[1490007457022_8355_629]]></id>
		<rec dcp="782|472" rotation="90"><![CDATA[733|950|20|111]]></rec>
	</zone>
	<zone rec="40|1056|694|25" id="1784">
		<id><![CDATA[1490007457024_6928_630]]></id>
		<rec><![CDATA[40|1056|694|25]]></rec>
	</zone>
	<zone rec="50|133|429|768" id="1898">
		<id><![CDATA[1490174886878_3891_57]]></id>
		<rec><![CDATA[50|133|429|768]]></rec>
	</zone>
	<zone rec="555|119|187|348" id="1781">
		<id><![CDATA[1490174886878_3891_57]]></id>
		<rec><![CDATA[555|119|187|348]]></rec>
	</zone>
	<zone rec="554|494|188|396" id="1782">
		<id><![CDATA[1490174886878_3891_57]]></id>
		<rec><![CDATA[554|494|188|396]]></rec>
	</zone>
</page>
