<page uid="99|9|20">
	<zone rec="35|1056|698|23" id="1787">
		<id><![CDATA[1490007457031_5737_633]]></id>
		<rec><![CDATA[35|1056|698|23]]></rec>
	</zone>
	<zone rec="731|950|16|109" dcp="2|449" rotation="90" id="1789">
		<id><![CDATA[1490007457032_196_634]]></id>
		<rec dcp="2|449" rotation="90"><![CDATA[731|950|16|109]]></rec>
	</zone>
	<zone rec="38|114|184|296" id="1785">
		<id><![CDATA[1490174892558_1777_58]]></id>
		<rec><![CDATA[38|114|184|296]]></rec>
	</zone>
	<zone rec="35.5|414.85|185|396" id="1786">
		<id><![CDATA[1490174892558_1777_58]]></id>
		<rec><![CDATA[35.5|414.85|185|396]]></rec>
	</zone>
	<zone rec="316|175|381|631" id="1900">
		<id><![CDATA[1490174892558_1777_58]]></id>
		<rec><![CDATA[316|175|381|631]]></rec>
	</zone>
</page>
