<page uid="99|9">
	<zone rec="38|1056|695|24" id="1883">
		<id><![CDATA[1490009643516_4543_711]]></id>
		<rec><![CDATA[38|1056|695|24]]></rec>
	</zone>
	<zone dcp="782|526" rotation="90" rec="734|953|15|107" id="1884">
		<id><![CDATA[1490009643519_1960_712]]></id>
		<rec dcp="782|526" rotation="90"><![CDATA[734|953|15|107]]></rec>
	</zone>
	<zone rec="50|180|497|688" id="1909">
		<id><![CDATA[1490174910445_9553_64]]></id>
		<rec><![CDATA[50|180|497|688]]></rec>
	</zone>
	<zone rec="558|116|182|553" id="1881">
		<id><![CDATA[1490174910445_9553_64]]></id>
		<rec><![CDATA[558|116|182|553]]></rec>
	</zone>
	<zone rec="555|670|186|161" id="1882">
		<id><![CDATA[1490174910445_9553_64]]></id>
		<rec><![CDATA[555|670|186|161]]></rec>
	</zone>
</page>
