<page uid="99">
	<zone rec="40|1056|692|25" id="1894">
		<id><![CDATA[1490011031397_9284_723]]></id>
		<rec><![CDATA[40|1056|692|25]]></rec>
	</zone>
	<zone dcp="782|508" rotation="90" rec="734|950|16|110" id="1895">
		<id><![CDATA[1490011031399_306_724]]></id>
		<rec dcp="782|508" rotation="90"><![CDATA[734|950|16|110]]></rec>
	</zone>
	<zone multiZoom="0" multizoom="0" rec="94|116|576|667" id="1891">
		<id><![CDATA[1490011115198_8179_729]]></id>
		<rec><![CDATA[94|116|576|667]]></rec>
	</zone>
	<zone multiZoom="0" multizoom="0" rec="94|784|574|237" id="1892">
		<id><![CDATA[1490011115198_8179_729]]></id>
		<rec><![CDATA[94|784|574|237]]></rec>
	</zone>
</page>
