<page uid="99">
	<zone rec="36|105|705|278" id="1896">
		<id><![CDATA[1490011031401_7160_725]]></id>
		<rec><![CDATA[36|105|705|278]]></rec>
	</zone>
	<zone rec="36|386|705|285" id="1898">
		<id><![CDATA[1490011031404_9890_726]]></id>
		<rec><![CDATA[36|386|705|285]]></rec>
	</zone>
	<zone rec="36|673|714|386" id="1899">
		<id><![CDATA[1490011031406_6799_727]]></id>
		<rec><![CDATA[36|673|714|386]]></rec>
	</zone>
	<zone rec="41|1055|689|25" id="1900">
		<id><![CDATA[1490011031409_658_728]]></id>
		<rec><![CDATA[41|1055|689|25]]></rec>
	</zone>
</page>
