<page uid="99|9">
	<zone rec="37|109|707|301" id="1905">
		<id><![CDATA[1490011268052_6571_732]]></id>
		<rec><![CDATA[37|109|707|301]]></rec>
	</zone>
	<zone rec="37|437|706|294" id="1906">
		<id><![CDATA[1490011268055_3738_733]]></id>
		<rec><![CDATA[37|437|706|294]]></rec>
	</zone>
	<zone rec="37|760|716|299" id="1907">
		<id><![CDATA[1490011268057_4033_734]]></id>
		<rec><![CDATA[37|760|716|299]]></rec>
	</zone>
	<zone rec="42|1057|691|21" id="1908">
		<id><![CDATA[1490011268060_7533_735]]></id>
		<rec><![CDATA[42|1057|691|21]]></rec>
	</zone>
</page>
