<page uid="99|9">
	<zone rec="36|112|353|444" id="1909">
		<id><![CDATA[1490011268062_5125_736]]></id>
		<rec><![CDATA[36|112|353|444]]></rec>
	</zone>
	<zone rec="41|1057|690|22" id="1913">
		<id><![CDATA[1490011268072_6545_740]]></id>
		<rec><![CDATA[41|1057|690|22]]></rec>
	</zone>
	<zone rec="36|593|353|453" id="1918">
		<id><![CDATA[1490174971382_3914_73]]></id>
		<rec><![CDATA[36|593|353|453]]></rec>
	</zone>
	<zone rec="390|112|350|482" id="1917">
		<id><![CDATA[1490174971384_1315_74]]></id>
		<rec><![CDATA[390|112|350|482]]></rec>
	</zone>
	<zone rec="390|594|350|426" id="1911">
		<id><![CDATA[1490174971386_6123_75]]></id>
		<rec><![CDATA[390|594|350|426]]></rec>
	</zone>
	<zone dcp="5|662" rotation="90" rec="733|950|18|114" id="1919">
		<id><![CDATA[1490174978654_4225_76]]></id>
		<rec dcp="5|662" rotation="90"><![CDATA[733|950|18|114]]></rec>
	</zone>
</page>
