<page uid="99|9">
	<zone rec="40|114|348|454" id="1915">
		<id><![CDATA[1490175095125_4811_83]]></id>
		<rec><![CDATA[40|114|348|454]]></rec>
	</zone>
	<zone rec="388|114|351|454" id="1926">
		<id><![CDATA[1490175095128_155_84]]></id>
		<rec><![CDATA[388|114|351|454]]></rec>
	</zone>
	<zone rec="38|593|233|438" id="1917">
		<id><![CDATA[1490175095130_8283_85]]></id>
		<rec><![CDATA[38|593|233|438]]></rec>
	</zone>
	<zone rec="268|593|239|438" id="1927">
		<id><![CDATA[1490175095132_6326_86]]></id>
		<rec><![CDATA[268|593|239|438]]></rec>
	</zone>
	<zone rec="504|593|235|448" id="1928">
		<id><![CDATA[1490175095134_3639_87]]></id>
		<rec><![CDATA[504|593|235|448]]></rec>
	</zone>
	<zone rotation="90" rec="733|953|17|108" id="1930">
		<id><![CDATA[1490175095137_6569_88]]></id>
		<rec rotation="90"><![CDATA[733|953|17|108]]></rec>
	</zone>
	<zone rec="41|1053|694|29" id="1920">
		<id><![CDATA[1490175095139_5719_89]]></id>
		<rec><![CDATA[41|1053|694|29]]></rec>
	</zone>
</page>
