<page uid="99|9">
	<zone rec="38|110|352|455" id="1921">
		<id><![CDATA[1490175095141_7079_90]]></id>
		<rec><![CDATA[38|110|352|455]]></rec>
	</zone>
	<zone rec="38|591|352|439" id="1923">
		<id><![CDATA[1490175095143_8331_91]]></id>
		<rec><![CDATA[38|591|352|439]]></rec>
	</zone>
	<zone rec="389|110|352|455" id="1932">
		<id><![CDATA[1490175095146_3292_92]]></id>
		<rec><![CDATA[389|110|352|455]]></rec>
	</zone>
	<zone rec="389|591|352|439" id="1933">
		<id><![CDATA[1490175095148_4256_93]]></id>
		<rec><![CDATA[389|591|352|439]]></rec>
	</zone>
	<zone dcp="0|731" rotation="90" rec="734|948|16|113" id="1934">
		<id><![CDATA[1490175095150_7678_94]]></id>
		<rec dcp="0|731" rotation="90"><![CDATA[734|948|16|113]]></rec>
	</zone>
	<zone rec="42|1057|687|22" id="1925">
		<id><![CDATA[1490175095153_1086_95]]></id>
		<rec><![CDATA[42|1057|687|22]]></rec>
	</zone>
</page>
