<page uid="99|9">
	<zone rec="37|113|703|247" id="1927">
		<id><![CDATA[1490175195900_2635_102]]></id>
		<rec><![CDATA[37|113|703|247]]></rec>
	</zone>
	<zone rec="40|606|231|449" id="1944">
		<id><![CDATA[1490175195902_414_103]]></id>
		<rec><![CDATA[40|606|231|449]]></rec>
	</zone>
	<zone rec="271|606|234|449" id="1945">
		<id><![CDATA[1490175195903_555_104]]></id>
		<rec><![CDATA[271|606|234|449]]></rec>
	</zone>
	<zone rec="505|606|243|453" id="1946">
		<id><![CDATA[1490175195904_3976_105]]></id>
		<rec><![CDATA[505|606|243|453]]></rec>
	</zone>
	<zone rec="37|360|703|248" id="1943">
		<id><![CDATA[1490175195906_2864_106]]></id>
		<rec><![CDATA[37|360|703|248]]></rec>
	</zone>
	<zone rec="40|1058|693|21" id="1932">
		<id><![CDATA[1490175195907_2037_107]]></id>
		<rec><![CDATA[40|1058|693|21]]></rec>
	</zone>
</page>
