<page uid="99|9">
	<zone rec="39|111|317|512" id="1933">
		<id><![CDATA[1490175195909_761_108]]></id>
		<rec><![CDATA[39|111|317|512]]></rec>
	</zone>
	<zone rec="355|111|384|512" id="1948">
		<id><![CDATA[1490175195910_8135_109]]></id>
		<rec><![CDATA[355|111|384|512]]></rec>
	</zone>
	<zone rec="36|636|715|425" id="1935">
		<id><![CDATA[1490175195911_4363_110]]></id>
		<rec><![CDATA[36|636|715|425]]></rec>
	</zone>
	<zone rec="42|1055|688|25" id="1937">
		<id><![CDATA[1490175195913_2317_111]]></id>
		<rec><![CDATA[42|1055|688|25]]></rec>
	</zone>
</page>
