<page uid="99">
	<zone rec="38|103|352|467" id="1949">
		<id><![CDATA[1490012481813_131_777]]></id>
		<rec><![CDATA[38|103|352|467]]></rec>
	</zone>
	<zone rec="389|104|349|502" id="1950">
		<id><![CDATA[1490012481815_6411_778]]></id>
		<rec><![CDATA[389|104|349|502]]></rec>
	</zone>
	<zone rec="38|575|350|486" id="1951">
		<id><![CDATA[1490012481817_433_779]]></id>
		<rec><![CDATA[38|575|350|486]]></rec>
	</zone>
	<zone rec="388|605|363|457" id="1952">
		<id><![CDATA[1490012481819_3314_780]]></id>
		<rec><![CDATA[388|605|363|457]]></rec>
	</zone>
	<zone rec="39|1057|690|22" id="1953">
		<id><![CDATA[1490012481821_576_781]]></id>
		<rec><![CDATA[39|1057|690|22]]></rec>
	</zone>
</page>
