<page uid="99|9">
	<zone rec="39|127|703|281" id="1955">
		<id><![CDATA[1490175272724_4028_127]]></id>
		<rec><![CDATA[39|127|703|281]]></rec>
	</zone>
	<zone rec="39|430|703|246" id="1956">
		<id><![CDATA[1490175272726_6780_128]]></id>
		<rec><![CDATA[39|430|703|246]]></rec>
	</zone>
	<zone rec="37|696|716|364" id="1957">
		<id><![CDATA[1490175272729_3158_129]]></id>
		<rec><![CDATA[37|696|716|364]]></rec>
	</zone>
	<zone rec="42|1057|692|24" id="1961">
		<id><![CDATA[1490175272731_6910_130]]></id>
		<rec><![CDATA[42|1057|692|24]]></rec>
	</zone>
</page>
