<page uid="99|9">
	<zone rec="40|101|234|416" id="1959">
		<id><![CDATA[1490175272733_640_131]]></id>
		<rec><![CDATA[40|101|234|416]]></rec>
	</zone>
	<zone rec="273|99|232|481" id="1966">
		<id><![CDATA[1490175272735_1243_132]]></id>
		<rec><![CDATA[273|99|232|481]]></rec>
	</zone>
	<zone rec="506|99|233|500" id="1967">
		<id><![CDATA[1490175272737_1510_133]]></id>
		<rec><![CDATA[506|99|233|500]]></rec>
	</zone>
	<zone rec="41|618|348|439" id="1960">
		<id><![CDATA[1490175272739_9477_134]]></id>
		<rec><![CDATA[41|618|348|439]]></rec>
	</zone>
	<zone rec="389|618|363|442" id="1968">
		<id><![CDATA[1490175272742_1261_135]]></id>
		<rec><![CDATA[389|618|363|442]]></rec>
	</zone>
	<zone rec="41|1058|688|23" id="1962">
		<id><![CDATA[1490175272744_3867_136]]></id>
		<rec><![CDATA[41|1058|688|23]]></rec>
	</zone>
</page>
