<page uid="99">
	<zone rec="35|108|346|421" id="2117">
		<id><![CDATA[1490013631004_1468_942]]></id>
		<rec><![CDATA[35|108|346|421]]></rec>
	</zone>
	<zone rec="396|111|349|420" id="2119">
		<id><![CDATA[1490013631005_635_943]]></id>
		<rec><![CDATA[396|111|349|420]]></rec>
	</zone>
	<zone rec="36|545|345|522" id="2120">
		<id><![CDATA[1490013631007_4562_944]]></id>
		<rec><![CDATA[36|545|345|522]]></rec>
	</zone>
	<zone rec="397|545|347|522" id="2121">
		<id><![CDATA[1490013631008_953_945]]></id>
		<rec><![CDATA[397|545|347|522]]></rec>
	</zone>
</page>
