<page uid="99">
	<zone rec="36|105|706|322" id="2124">
		<id><![CDATA[1490013749966_5514_949]]></id>
		<rec><![CDATA[36|105|706|322]]></rec>
	</zone>
	<zone rec="38|428|706|320" id="2125">
		<id><![CDATA[1490013749968_6552_950]]></id>
		<rec><![CDATA[38|428|706|320]]></rec>
	</zone>
	<zone rec="39|749|703|309" id="2126">
		<id><![CDATA[1490013749970_9615_951]]></id>
		<rec><![CDATA[39|749|703|309]]></rec>
	</zone>
	<zone rec="41|1058|692|20" id="2127">
		<id><![CDATA[1490013749972_910_952]]></id>
		<rec><![CDATA[41|1058|692|20]]></rec>
	</zone>
</page>
