<page uid="99">
	<zone rec="36|108|706|320" id="2129">
		<id><![CDATA[1490013749974_3843_953]]></id>
		<rec><![CDATA[36|108|706|320]]></rec>
	</zone>
	<zone rec="38|429|705|314" id="2130">
		<id><![CDATA[1490013749977_3538_954]]></id>
		<rec><![CDATA[38|429|705|314]]></rec>
	</zone>
	<zone rec="38|743|707|312" id="2131">
		<id><![CDATA[1490013749979_3930_955]]></id>
		<rec><![CDATA[38|743|707|312]]></rec>
	</zone>
	<zone rec="39|1056|691|24" id="2132">
		<id><![CDATA[1490013749981_147_956]]></id>
		<rec><![CDATA[39|1056|691|24]]></rec>
	</zone>
</page>
