<page uid="99">
	<zone rec="36|102|704|363" id="2132">
		<id><![CDATA[1490013994151_5357_13]]></id>
		<rec><![CDATA[36|102|704|363]]></rec>
	</zone>
	<zone rec="39|467|702|296" id="2133">
		<id><![CDATA[1490013994154_7931_14]]></id>
		<rec><![CDATA[39|467|702|296]]></rec>
	</zone>
	<zone rec="41|763|699|299" id="2134">
		<id><![CDATA[1490013994156_7483_15]]></id>
		<rec><![CDATA[41|763|699|299]]></rec>
	</zone>
	<zone rec="41|1058|690|22" id="2135">
		<id><![CDATA[1490013994158_5730_16]]></id>
		<rec><![CDATA[41|1058|690|22]]></rec>
	</zone>
</page>
