<page uid="99">
	<zone rec="40|100|697|335" id="2137">
		<id><![CDATA[1490013994160_3414_17]]></id>
		<rec><![CDATA[40|100|697|335]]></rec>
	</zone>
	<zone rec="39|439|703|309" id="2138">
		<id><![CDATA[1490013994167_2765_18]]></id>
		<rec><![CDATA[39|439|703|309]]></rec>
	</zone>
	<zone rec="41|752|701|310" id="2139">
		<id><![CDATA[1490013994169_9548_19]]></id>
		<rec><![CDATA[41|752|701|310]]></rec>
	</zone>
	<zone rec="41|1057|692|22" id="2140">
		<id><![CDATA[1490013994171_6797_20]]></id>
		<rec><![CDATA[41|1057|692|22]]></rec>
	</zone>
</page>
