<page uid="99|9">
	<zone rec="37|109|704|375" id="2143">
		<id><![CDATA[1490175305555_6891_144]]></id>
		<rec><![CDATA[37|109|704|375]]></rec>
	</zone>
	<zone rec="39|481|350|571" id="2144">
		<id><![CDATA[1490175305558_9449_145]]></id>
		<rec><![CDATA[39|481|350|571]]></rec>
	</zone>
	<zone rec="390|481|349|571" id="2154">
		<id><![CDATA[1490175305560_9478_146]]></id>
		<rec><![CDATA[390|481|349|571]]></rec>
	</zone>
	<zone rec="39|1056|694|24" id="2149">
		<id><![CDATA[1490175305562_977_147]]></id>
		<rec><![CDATA[39|1056|694|24]]></rec>
	</zone>
</page>
