<page uid="99|9">
	<zone rec="39|107|702|318" id="2146">
		<id><![CDATA[1490175305565_9337_148]]></id>
		<rec><![CDATA[39|107|702|318]]></rec>
	</zone>
	<zone rec="40|426|703|321" id="2147">
		<id><![CDATA[1490175305567_6582_149]]></id>
		<rec><![CDATA[40|426|703|321]]></rec>
	</zone>
	<zone rec="38|749|702|310" id="2148">
		<id><![CDATA[1490175305569_863_150]]></id>
		<rec><![CDATA[38|749|702|310]]></rec>
	</zone>
	<zone rec="42|1057|688|21" id="2150">
		<id><![CDATA[1490175305571_3695_151]]></id>
		<rec><![CDATA[42|1057|688|21]]></rec>
	</zone>
</page>
