<page uid="99">
	<zone rec="38|108|703|319" id="2153">
		<id><![CDATA[1490014264447_4453_32]]></id>
		<rec><![CDATA[38|108|703|319]]></rec>
	</zone>
	<zone rec="38|429|703|315" id="2154">
		<id><![CDATA[1490014264450_8587_33]]></id>
		<rec><![CDATA[38|429|703|315]]></rec>
	</zone>
	<zone rec="38|747|703|309" id="2155">
		<id><![CDATA[1490014264452_4459_34]]></id>
		<rec><![CDATA[38|747|703|309]]></rec>
	</zone>
	<zone rec="39|1059|695|20" id="2156">
		<id><![CDATA[1490014264454_4466_35]]></id>
		<rec><![CDATA[39|1059|695|20]]></rec>
	</zone>
</page>
