<page uid="99">
	<zone rec="38|99|702|367" id="2158">
		<id><![CDATA[1490014264456_2223_36]]></id>
		<rec><![CDATA[38|99|702|367]]></rec>
	</zone>
	<zone rec="38|463.75|702|301" id="2159">
		<id><![CDATA[1490014264458_11_37]]></id>
		<rec><![CDATA[38|463.75|702|301]]></rec>
	</zone>
	<zone rec="38|762|702|299" id="2160">
		<id><![CDATA[1490014264460_356_38]]></id>
		<rec><![CDATA[38|762|702|299]]></rec>
	</zone>
	<zone rec="38|1058|695|19" id="2161">
		<id><![CDATA[1490014264462_7286_39]]></id>
		<rec><![CDATA[38|1058|695|19]]></rec>
	</zone>
</page>
