<page uid="99">
	<zone rec="37|100|703|335" id="2165">
		<id><![CDATA[1490014485668_7934_42]]></id>
		<rec><![CDATA[37|100|703|335]]></rec>
	</zone>
	<zone rec="37|439|703|310" id="2166">
		<id><![CDATA[1490014485671_9885_43]]></id>
		<rec><![CDATA[37|439|703|310]]></rec>
	</zone>
	<zone rec="37|749|703|311" id="2167">
		<id><![CDATA[1490014485673_7697_44]]></id>
		<rec><![CDATA[37|749|703|311]]></rec>
	</zone>
	<zone rec="41|1057|689|21" id="2168">
		<id><![CDATA[1490014485675_2796_45]]></id>
		<rec><![CDATA[41|1057|689|21]]></rec>
	</zone>
</page>
