<page uid="99">
	<zone rec="39|1057|696|23" id="2173">
		<id><![CDATA[1490014485686_326_50]]></id>
		<rec><![CDATA[39|1057|696|23]]></rec>
	</zone>
	<zone rec="42|114|348|546" id="2169">
		<id><![CDATA[1490014489748_8992_51]]></id>
		<rec><![CDATA[42|114|348|546]]></rec>
	</zone>
	<zone rec="41|659|349|387" id="2170">
		<id><![CDATA[1490014489748_8992_51]]></id>
		<rec><![CDATA[41|659|349|387]]></rec>
	</zone>
	<zone rec="391|114|349|663" id="2171">
		<id><![CDATA[1490014492837_2671_52]]></id>
		<rec><![CDATA[391|114|349|663]]></rec>
	</zone>
	<zone rec="391|775|348|273" id="2172">
		<id><![CDATA[1490014492837_2671_52]]></id>
		<rec><![CDATA[391|775|348|273]]></rec>
	</zone>
</page>
