<page uid="99">
	<zone rec="40|1055|691|25" id="2180">
		<id><![CDATA[1490014677179_208_59]]></id>
		<rec><![CDATA[40|1055|691|25]]></rec>
	</zone>
	<zone rec="38|575|352|476" id="2178">
		<id><![CDATA[1490014688265_387_66]]></id>
		<rec><![CDATA[38|575|352|476]]></rec>
	</zone>
	<zone rec="390|887|234|166" id="2179">
		<id><![CDATA[1490014688265_387_66]]></id>
		<rec><![CDATA[390|887|234|166]]></rec>
	</zone>
	<zone rec="37|109|239|467" id="2177">
		<id><![CDATA[1490014719097_4788_69]]></id>
		<rec><![CDATA[37|109|239|467]]></rec>
	</zone>
	<zone rec="271|113|470|605" id="2176">
		<id><![CDATA[1490014719097_4788_69]]></id>
		<rec><![CDATA[271|113|470|605]]></rec>
	</zone>
</page>
