<page uid="99">
	<zone rec="40|1057|690|24" id="2186">
		<id><![CDATA[1490014677191_9940_64]]></id>
		<rec><![CDATA[40|1057|690|24]]></rec>
	</zone>
	<zone rec="42|129|347|613" id="2182">
		<id><![CDATA[1490014691840_6294_67]]></id>
		<rec><![CDATA[42|129|347|613]]></rec>
	</zone>
	<zone rec="41|742|348|258" id="2183">
		<id><![CDATA[1490014691840_6294_67]]></id>
		<rec><![CDATA[41|742|348|258]]></rec>
	</zone>
	<zone rec="388|130|353|614" id="2184">
		<id><![CDATA[1490014695275_9521_68]]></id>
		<rec><![CDATA[388|130|353|614]]></rec>
	</zone>
	<zone rec="391|743|352|254" id="2185">
		<id><![CDATA[1490014695275_9521_68]]></id>
		<rec><![CDATA[391|743|352|254]]></rec>
	</zone>
</page>
