<page uid="99|9">
	<zone rec="43|1056|689|23" id="2200">
		<id><![CDATA[1490014872173_588_80]]></id>
		<rec><![CDATA[43|1056|689|23]]></rec>
	</zone>
	<zone rec="37|112|300|598" id="2190">
		<id><![CDATA[1490014878951_5280_82]]></id>
		<rec><![CDATA[37|112|300|598]]></rec>
	</zone>
	<zone rec="338|113|296|233" id="2191">
		<id><![CDATA[1490014878951_5280_82]]></id>
		<rec><![CDATA[338|113|296|233]]></rec>
	</zone>
	<zone rec="39|813|295|234" id="2192">
		<id><![CDATA[1490014883168_8393_83]]></id>
		<rec><![CDATA[39|813|295|234]]></rec>
	</zone>
	<zone rec="338|422|402|597" id="2193">
		<id><![CDATA[1490014883168_8393_83]]></id>
		<rec><![CDATA[338|422|402|597]]></rec>
	</zone>
</page>
