<page uid="99|9">
	<zone rec="38|1057|696|22" id="2201">
		<id><![CDATA[1490014872176_1589_81]]></id>
		<rec><![CDATA[38|1057|696|22]]></rec>
	</zone>
	<zone rec="39|110|300|253" id="2195">
		<id><![CDATA[1490014889432_5669_84]]></id>
		<rec><![CDATA[39|110|300|253]]></rec>
	</zone>
	<zone rec="341|113|398|522" id="2196">
		<id><![CDATA[1490014889432_5669_84]]></id>
		<rec><![CDATA[341|113|398|522]]></rec>
	</zone>
	<zone rec="39|478|299|559" id="2198">
		<id><![CDATA[1490014892487_427_85]]></id>
		<rec><![CDATA[39|478|299|559]]></rec>
	</zone>
	<zone rec="341|784|337|252" id="2199">
		<id><![CDATA[1490014892487_427_85]]></id>
		<rec><![CDATA[341|784|337|252]]></rec>
	</zone>
</page>
