<page uid="99|9">
	<zone rec="40|1056|691|24" id="2208">
		<id><![CDATA[1490015533816_6614_112]]></id>
		<rec><![CDATA[40|1056|691|24]]></rec>
	</zone>
	<zone rec="434|111|308|246" id="2226">
		<id><![CDATA[1490015533823_3024_115]]></id>
		<rec><![CDATA[434|111|308|246]]></rec>
	</zone>
	<zone rec="38|113|335|512" id="2225">
		<id><![CDATA[1490015544961_5248_129]]></id>
		<rec><![CDATA[38|113|335|512]]></rec>
	</zone>
	<zone rec="374|397|228|93" id="2227">
		<id><![CDATA[1490015544961_5248_129]]></id>
		<rec><![CDATA[374|397|228|93]]></rec>
	</zone>
	<zone rec="377|491|125|131" id="2230">
		<id><![CDATA[1490015544961_5248_129]]></id>
		<rec><![CDATA[377|491|125|131]]></rec>
	</zone>
	<zone rec="39|625|282|420" id="2228">
		<id><![CDATA[1490015549295_5815_130]]></id>
		<rec><![CDATA[39|625|282|420]]></rec>
	</zone>
	<zone rec="324|633|171|252" id="2229">
		<id><![CDATA[1490015549295_5815_130]]></id>
		<rec><![CDATA[324|633|171|252]]></rec>
	</zone>
	<zone rec="504|489|235|402" id="2231">
		<id><![CDATA[1490015553368_160_131]]></id>
		<rec><![CDATA[504|489|235|402]]></rec>
	</zone>
	<zone rec="386|892|353|128" id="2232">
		<id><![CDATA[1490015553368_160_131]]></id>
		<rec><![CDATA[386|892|353|128]]></rec>
	</zone>
</page>
