<page uid="99|9">
	<zone rec="37|1057|695|24" id="2214">
		<id><![CDATA[1490015533819_7467_113]]></id>
		<rec><![CDATA[37|1057|695|24]]></rec>
	</zone>
	<zone rec="39|107|292|197" id="2234">
		<id><![CDATA[1490015533838_7055_122]]></id>
		<rec><![CDATA[39|107|292|197]]></rec>
	</zone>
	<zone rec="47|354|161|146" id="2235">
		<id><![CDATA[1490015560167_1568_132]]></id>
		<rec><![CDATA[47|354|161|146]]></rec>
	</zone>
	<zone rec="39|510|312|548" id="2236">
		<id><![CDATA[1490015560167_1568_132]]></id>
		<rec><![CDATA[39|510|312|548]]></rec>
	</zone>
	<zone rec="355|573|128|157" id="2241">
		<id><![CDATA[1490015586831_7310_135]]></id>
		<rec><![CDATA[355|573|128|157]]></rec>
	</zone>
	<zone rec="493|566|246|491" id="2240">
		<id><![CDATA[1490015586831_7310_135]]></id>
		<rec><![CDATA[493|566|246|491]]></rec>
	</zone>
	<zone rec="286|333|188|93" id="2238">
		<id><![CDATA[1490015637407_4810_136]]></id>
		<rec><![CDATA[286|333|188|93]]></rec>
	</zone>
	<zone rec="487|106|253|461" id="2239">
		<id><![CDATA[1490015637407_4810_136]]></id>
		<rec><![CDATA[487|106|253|461]]></rec>
	</zone>
</page>
