<page uid="99|9">
	<zone rec="416|103|325|198" id="2245">
		<id><![CDATA[1490015851141_6266_139]]></id>
		<rec><![CDATA[416|103|325|198]]></rec>
	</zone>
	<zone rec="39|1057|690|23" id="2257">
		<id><![CDATA[1490015851168_1145_150]]></id>
		<rec><![CDATA[39|1057|690|23]]></rec>
	</zone>
	<zone rec="40|103|352|479" id="2246">
		<id><![CDATA[1490015858220_3256_152]]></id>
		<rec><![CDATA[40|103|352|479]]></rec>
	</zone>
	<zone rec="404|351|233|112" id="2247">
		<id><![CDATA[1490015858220_3256_152]]></id>
		<rec><![CDATA[404|351|233|112]]></rec>
	</zone>
	<zone rec="38|584|220|461" id="2248">
		<id><![CDATA[1490015864684_1740_153]]></id>
		<rec><![CDATA[38|584|220|461]]></rec>
	</zone>
	<zone rec="269|650|139|118" id="2249">
		<id><![CDATA[1490015864684_1740_153]]></id>
		<rec><![CDATA[269|650|139|118]]></rec>
	</zone>
	<zone rec="284|852|144|126" id="2250">
		<id><![CDATA[1490015868245_9688_154]]></id>
		<rec><![CDATA[284|852|144|126]]></rec>
	</zone>
	<zone rec="438|503|302|541" id="2251">
		<id><![CDATA[1490015868245_9688_154]]></id>
		<rec><![CDATA[438|503|302|541]]></rec>
	</zone>
</page>
