<page uid="99|9">
	<zone rec="38|103|420|309" id="2252">
		<id><![CDATA[1490015851158_8895_146]]></id>
		<rec><![CDATA[38|103|420|309]]></rec>
	</zone>
	<zone rec="41.25|409|418|648" id="2253">
		<id><![CDATA[1490015851161_7368_147]]></id>
		<rec><![CDATA[41.25|409|418|648]]></rec>
	</zone>
	<zone rec="456|102|284|455" id="2254">
		<id><![CDATA[1490015851163_628_148]]></id>
		<rec><![CDATA[456|102|284|455]]></rec>
	</zone>
	<zone rec="457|558|283|455" id="2255">
		<id><![CDATA[1490015851166_048_149]]></id>
		<rec><![CDATA[457|558|283|455]]></rec>
	</zone>
	<zone rec="38|1059|695|21" id="2258">
		<id><![CDATA[1490015851170_7526_151]]></id>
		<rec><![CDATA[38|1059|695|21]]></rec>
	</zone>
</page>
