<page uid="99">
	<zone rec="39|102|350|324" id="2267">
		<id><![CDATA[1490016087503_486_163]]></id>
		<rec><![CDATA[39|102|350|324]]></rec>
	</zone>
	<zone rec="39|427|351|628" id="2268">
		<id><![CDATA[1490016087505_2996_164]]></id>
		<rec><![CDATA[39|427|351|628]]></rec>
	</zone>
	<zone rec="389|103|351|473" id="2269">
		<id><![CDATA[1490016087506_666_165]]></id>
		<rec><![CDATA[389|103|351|473]]></rec>
	</zone>
	<zone rec="389|578|352|425" id="2270">
		<id><![CDATA[1490016087509_6134_166]]></id>
		<rec><![CDATA[389|578|352|425]]></rec>
	</zone>
	<zone rec="40|1057|692|21" id="2271">
		<id><![CDATA[1490016087511_9742_167]]></id>
		<rec><![CDATA[40|1057|692|21]]></rec>
	</zone>
</page>
