<page uid="19">
	<zone rec="40|104|348|342" id="0">
		<id><![CDATA[1489765214842_7894_27]]></id>
		<rec><![CDATA[40|104|348|342]]></rec>
	</zone>
	<zone rec="390|104|349|470" id="355">
		<id><![CDATA[1489765214845_8171_28]]></id>
		<rec><![CDATA[390|104|349|470]]></rec>
	</zone>
	<zone rec="40|448|349|553" id="356">
		<id><![CDATA[1489765214847_3870_29]]></id>
		<rec><![CDATA[40|448|349|553]]></rec>
	</zone>
	<zone rec="390|575|349|427" id="357">
		<id><![CDATA[1489765214849_7564_30]]></id>
		<rec><![CDATA[390|575|349|427]]></rec>
	</zone>
	<zone rec="107|1022|129|20" id="358">
		<id><![CDATA[1489765214851_9282_31]]></id>
		<rec><![CDATA[107|1022|129|20]]></rec>
	</zone>
	<zone rec="38|1057|696|21" id="359">
		<id><![CDATA[1489765214853_9567_32]]></id>
		<rec><![CDATA[38|1057|696|21]]></rec>
	</zone>
</page>
