<page uid="19|9">
	<zone rec="41|104|309|316" id="366">
		<id><![CDATA[1489765265706_1379_38]]></id>
		<rec><![CDATA[41|104|309|316]]></rec>
	</zone>
	<zone rec="362|107|376|461" id="367">
		<id><![CDATA[1489765265709_9812_39]]></id>
		<rec><![CDATA[362|107|376|461]]></rec>
	</zone>
	<zone rec="259|953|173|93" id="370">
		<id><![CDATA[1489765265715_946_42]]></id>
		<rec><![CDATA[259|953|173|93]]></rec>
	</zone>
	<zone rec="433|570|305|489" id="377">
		<id><![CDATA[1489765265715_946_42]]></id>
		<rec><![CDATA[433|570|305|489]]></rec>
	</zone>
	<zone rec="39|1058|696|20" id="371">
		<id><![CDATA[1489765265717_5470_43]]></id>
		<rec><![CDATA[39|1058|696|20]]></rec>
	</zone>
	<zone rec="41|429|391|522" id="368">
		<id><![CDATA[1490175420444_4573_234]]></id>
		<rec><![CDATA[41|429|391|522]]></rec>
	</zone>
	<zone rec="41|953|216|93" id="369">
		<id><![CDATA[1490175420444_4573_234]]></id>
		<rec><![CDATA[41|953|216|93]]></rec>
	</zone>
</page>
