<page uid="19">
	<zone rec="40|127|348|522" id="379">
		<id><![CDATA[1489765331073_939_49]]></id>
		<rec><![CDATA[40|127|348|522]]></rec>
	</zone>
	<zone rec="40|650|348|255" id="386">
		<id><![CDATA[1489765331073_939_49]]></id>
		<rec><![CDATA[40|650|348|255]]></rec>
	</zone>
	<zone rec="391|127|347|524" id="380">
		<id><![CDATA[1489765331076_2839_50]]></id>
		<rec><![CDATA[391|127|347|524]]></rec>
	</zone>
	<zone rec="391|651|347|255" id="387">
		<id><![CDATA[1489765331076_2839_50]]></id>
		<rec><![CDATA[391|651|347|255]]></rec>
	</zone>
	<zone rec="40|1057|693|21" id="381">
		<id><![CDATA[1489765331078_032_51]]></id>
		<rec><![CDATA[40|1057|693|21]]></rec>
	</zone>
</page>
