<page uid="19">
	<zone rec="39|1057|694|20" id="385">
		<id><![CDATA[1489765287163_6467_48]]></id>
		<rec><![CDATA[39|1057|694|20]]></rec>
	</zone>
	<zone rec="37|101|702|530" id="382">
		<id><![CDATA[1489765331080_857_52]]></id>
		<rec><![CDATA[37|101|702|530]]></rec>
	</zone>
	<zone rec="40|642|236|410" id="383">
		<id><![CDATA[1489765331082_6544_53]]></id>
		<rec><![CDATA[40|642|236|410]]></rec>
	</zone>
	<zone rec="277|644|167|146" id="389">
		<id><![CDATA[1489765331082_6544_53]]></id>
		<rec><![CDATA[277|644|167|146]]></rec>
	</zone>
	<zone rec="301|908|170|147" id="384">
		<id><![CDATA[1489765331085_165_54]]></id>
		<rec><![CDATA[301|908|170|147]]></rec>
	</zone>
	<zone rec="473|599|265|456" id="390">
		<id><![CDATA[1489765331085_165_54]]></id>
		<rec><![CDATA[473|599|265|456]]></rec>
	</zone>
</page>
