<page uid="19">
	<zone rec="41|123|346|661" id="392">
		<id><![CDATA[1489765399048_6159_57]]></id>
		<rec><![CDATA[41|123|346|661]]></rec>
	</zone>
	<zone rec="41|785|346|231" id="399">
		<id><![CDATA[1489765399048_6159_57]]></id>
		<rec><![CDATA[41|785|346|231]]></rec>
	</zone>
	<zone rec="391|123|346|660" id="393">
		<id><![CDATA[1489765399050_259_58]]></id>
		<rec><![CDATA[391|123|346|660]]></rec>
	</zone>
	<zone rec="391|784|346|254" id="400">
		<id><![CDATA[1489765399050_259_58]]></id>
		<rec><![CDATA[391|784|346|254]]></rec>
	</zone>
	<zone rec="40|1058|693|19" id="394">
		<id><![CDATA[1489765399053_7778_59]]></id>
		<rec><![CDATA[40|1058|693|19]]></rec>
	</zone>
</page>
