<page uid="19">
	<zone rec="37|100|703|339" id="402">
		<id><![CDATA[1489765489843_3627_65]]></id>
		<rec><![CDATA[37|100|703|339]]></rec>
	</zone>
	<zone rec="37|448|702|363" id="403">
		<id><![CDATA[1489765489847_3534_66]]></id>
		<rec><![CDATA[37|448|702|363]]></rec>
	</zone>
	<zone rec="41|748|316|303" id="404">
		<id><![CDATA[1489765489849_6590_67]]></id>
		<rec><![CDATA[41|748|316|303]]></rec>
	</zone>
	<zone rec="359|848|379|203" id="415">
		<id><![CDATA[1489765489849_6590_67]]></id>
		<rec><![CDATA[359|848|379|203]]></rec>
	</zone>
	<zone rec="39|1057|692|20" id="405">
		<id><![CDATA[1489765489852_9963_68]]></id>
		<rec><![CDATA[39|1057|692|20]]></rec>
	</zone>
</page>
