<page uid="19">
	<zone rec="37|100|372|196" id="407">
		<id><![CDATA[1489765489855_8088_69]]></id>
		<rec><![CDATA[37|100|372|196]]></rec>
	</zone>
	<zone rec="40|297|369|364" id="408">
		<id><![CDATA[1489765489857_4866_70]]></id>
		<rec><![CDATA[40|297|369|364]]></rec>
	</zone>
	<zone rec="411|523|329|138" id="417">
		<id><![CDATA[1489765489857_4866_70]]></id>
		<rec><![CDATA[411|523|329|138]]></rec>
	</zone>
	<zone rec="410|100|330|421" id="409">
		<id><![CDATA[1489765489860_1040_71]]></id>
		<rec><![CDATA[410|100|330|421]]></rec>
	</zone>
	<zone rec="37|673|703|389" id="410">
		<id><![CDATA[1489765489861_9097_72]]></id>
		<rec><![CDATA[37|673|703|389]]></rec>
	</zone>
	<zone rec="40|1060|695|16" id="411">
		<id><![CDATA[1489765489862_954_73]]></id>
		<rec><![CDATA[40|1060|695|16]]></rec>
	</zone>
</page>
