<page uid="19">
	<zone rec="35|103|381|257" id="423">
		<id><![CDATA[1489993558477_2744_14]]></id>
		<rec><![CDATA[35|103|381|257]]></rec>
	</zone>
	<zone rec="418|108|322|338" id="434">
		<id><![CDATA[1489993558477_2744_14]]></id>
		<rec><![CDATA[418|108|322|338]]></rec>
	</zone>
	<zone rec="39|384|315|369" id="424">
		<id><![CDATA[1489993558480_3617_15]]></id>
		<rec><![CDATA[39|384|315|369]]></rec>
	</zone>
	<zone rec="354|449|386|292" id="435">
		<id><![CDATA[1489993558480_3617_15]]></id>
		<rec><![CDATA[354|449|386|292]]></rec>
	</zone>
	<zone rec="36|762|380|293" id="426">
		<id><![CDATA[1489993558482_3792_16]]></id>
		<rec><![CDATA[36|762|380|293]]></rec>
	</zone>
	<zone rec="417|742|323|313" id="436">
		<id><![CDATA[1489993558482_3792_16]]></id>
		<rec><![CDATA[417|742|323|313]]></rec>
	</zone>
	<zone rec="35|1056|701|23" id="427">
		<id><![CDATA[1489993558484_7021_17]]></id>
		<rec><![CDATA[35|1056|701|23]]></rec>
	</zone>
</page>
