<page uid="19">
	<zone rec="38|108|413|111" id="437">
		<id><![CDATA[1489993742883_1654_23]]></id>
		<rec><![CDATA[38|108|413|111]]></rec>
	</zone>
	<zone rec="461|212|277|108" id="438">
		<id><![CDATA[1489993742886_5633_24]]></id>
		<rec><![CDATA[461|212|277|108]]></rec>
	</zone>
	<zone rec="40|848|190|177" id="441">
		<id><![CDATA[1489993742891_9085_27]]></id>
		<rec><![CDATA[40|848|190|177]]></rec>
	</zone>
	<zone rec="231|674|223|352" id="450">
		<id><![CDATA[1489993742891_9085_27]]></id>
		<rec><![CDATA[231|674|223|352]]></rec>
	</zone>
	<zone rec="36|1057|698|22" id="442">
		<id><![CDATA[1489993742893_3499_28]]></id>
		<rec><![CDATA[36|1057|698|22]]></rec>
	</zone>
	<zone rec="461|322|277|520" id="443">
		<id><![CDATA[1489993742895_6273_29]]></id>
		<rec><![CDATA[461|322|277|520]]></rec>
	</zone>
	<zone rec="461|845|277|181" id="449">
		<id><![CDATA[1489993742895_6273_29]]></id>
		<rec><![CDATA[461|845|277|181]]></rec>
	</zone>
	<zone rec="40|674|190|173" id="440">
		<id><![CDATA[1489993745706_1879_34]]></id>
		<rec><![CDATA[40|674|190|173]]></rec>
	</zone>
	<zone rec="40|220|414|452" id="439">
		<id><![CDATA[1489993745706_1879_34]]></id>
		<rec><![CDATA[40|220|414|452]]></rec>
	</zone>
</page>
