<page uid="19">
	<zone rec="38|110|275|295" id="444">
		<id><![CDATA[1489993742897_2965_30]]></id>
		<rec><![CDATA[38|110|275|295]]></rec>
	</zone>
	<zone rec="314|110|425|454" id="452">
		<id><![CDATA[1489993742897_2965_30]]></id>
		<rec><![CDATA[314|110|425|454]]></rec>
	</zone>
	<zone rec="311|564|430|491" id="445">
		<id><![CDATA[1489993742899_2288_31]]></id>
		<rec><![CDATA[311|564|430|491]]></rec>
	</zone>
	<zone rec="39|424|274|629" id="446">
		<id><![CDATA[1489993742901_9039_32]]></id>
		<rec><![CDATA[39|424|274|629]]></rec>
	</zone>
	<zone rec="39|1056|695|23" id="447">
		<id><![CDATA[1489993742903_7744_33]]></id>
		<rec><![CDATA[39|1056|695|23]]></rec>
	</zone>
</page>
