<page uid="19">
	<zone rec="39|473|300|578" id="470">
		<id><![CDATA[1489993989210_354_60]]></id>
		<rec><![CDATA[39|473|300|578]]></rec>
	</zone>
	<zone rec="43|107|297|340" id="487">
		<id><![CDATA[1489993989213_1432_61]]></id>
		<rec><![CDATA[43|107|297|340]]></rec>
	</zone>
	<zone rec="341|114|396|485" id="496">
		<id><![CDATA[1489993989213_1432_61]]></id>
		<rec><![CDATA[341|114|396|485]]></rec>
	</zone>
	<zone rec="340|598|398|453" id="488">
		<id><![CDATA[1489993989215_840_62]]></id>
		<rec><![CDATA[340|598|398|453]]></rec>
	</zone>
	<zone rec="36|1056|700|25" id="489">
		<id><![CDATA[1489993989217_8680_63]]></id>
		<rec><![CDATA[36|1056|700|25]]></rec>
	</zone>
</page>
