<page uid="19">
	<zone rec="39|104|411|454" id="490">
		<id><![CDATA[1489993989219_138_64]]></id>
		<rec><![CDATA[39|104|411|454]]></rec>
	</zone>
	<zone rec="451|103|290|346" id="498">
		<id><![CDATA[1489993989219_138_64]]></id>
		<rec><![CDATA[451|103|290|346]]></rec>
	</zone>
	<zone rec="40|560|410|494" id="491">
		<id><![CDATA[1489993989222_8780_65]]></id>
		<rec><![CDATA[40|560|410|494]]></rec>
	</zone>
	<zone rec="450|458|291|596" id="492">
		<id><![CDATA[1489993989224_847_66]]></id>
		<rec><![CDATA[450|458|291|596]]></rec>
	</zone>
	<zone rec="39|1057|695|23" id="493">
		<id><![CDATA[1489993989226_6383_67]]></id>
		<rec><![CDATA[39|1057|695|23]]></rec>
	</zone>
</page>
