<page uid="19">
	<zone rec="34|97|267|605" id="501">
		<id><![CDATA[1489994104407_1432_70]]></id>
		<rec><![CDATA[34|97|267|605]]></rec>
	</zone>
	<zone rec="299|115|225|587" id="502">
		<id><![CDATA[1489994104409_236_71]]></id>
		<rec><![CDATA[299|115|225|587]]></rec>
	</zone>
	<zone rec="524|115|218|587" id="503">
		<id><![CDATA[1489994104411_989_72]]></id>
		<rec><![CDATA[524|115|218|587]]></rec>
	</zone>
	<zone rec="38|707|654|351" id="505">
		<id><![CDATA[1489994104414_4555_73]]></id>
		<rec><![CDATA[38|707|654|351]]></rec>
	</zone>
	<zone rec="39|1058|695|20" id="506">
		<id><![CDATA[1489994104416_6657_74]]></id>
		<rec><![CDATA[39|1058|695|20]]></rec>
	</zone>
</page>
