<page uid="19">
	<zone rec="37|98|703|408" id="509">
		<id><![CDATA[1489994104418_4799_75]]></id>
		<rec><![CDATA[37|98|703|408]]></rec>
	</zone>
	<zone rec="34|510|459|547" id="510">
		<id><![CDATA[1489994104420_5127_76]]></id>
		<rec><![CDATA[34|510|459|547]]></rec>
	</zone>
	<zone rec="492|510|246|546" id="511">
		<id><![CDATA[1489994104422_9960_77]]></id>
		<rec><![CDATA[492|510|246|546]]></rec>
	</zone>
	<zone rec="38|1058|696|20" id="512">
		<id><![CDATA[1489994104424_9269_78]]></id>
		<rec><![CDATA[38|1058|696|20]]></rec>
	</zone>
</page>
