<page uid="19">
	<zone rec="37|110|703|438" id="535">
		<id><![CDATA[1489994415596_956_98]]></id>
		<rec><![CDATA[37|110|703|438]]></rec>
	</zone>
	<zone rec="38|550|352|505" id="536">
		<id><![CDATA[1489994415598_785_99]]></id>
		<rec><![CDATA[38|550|352|505]]></rec>
	</zone>
	<zone rec="392|550|348|505" id="537">
		<id><![CDATA[1489994415600_3414_100]]></id>
		<rec><![CDATA[392|550|348|505]]></rec>
	</zone>
	<zone rec="37|1057|697|22" id="538">
		<id><![CDATA[1489994415602_6069_101]]></id>
		<rec><![CDATA[37|1057|697|22]]></rec>
	</zone>
</page>
