<page uid="19">
	<zone rec="38|1056|700|23" id="540">
		<id><![CDATA[1489994415603_913_102]]></id>
		<rec><![CDATA[38|1056|700|23]]></rec>
	</zone>
	<zone rec="331|113|407|297" id="541">
		<id><![CDATA[1489994415605_4072_103]]></id>
		<rec><![CDATA[331|113|407|297]]></rec>
	</zone>
	<zone rec="39|218|292|600" id="542">
		<id><![CDATA[1489994415607_4356_104]]></id>
		<rec><![CDATA[39|218|292|600]]></rec>
	</zone>
	<zone rec="39|820|292|220" id="546">
		<id><![CDATA[1489994415607_4356_104]]></id>
		<rec><![CDATA[39|820|292|220]]></rec>
	</zone>
	<zone rec="333|411|201|407" id="543">
		<id><![CDATA[1489994415609_1136_105]]></id>
		<rec><![CDATA[333|411|201|407]]></rec>
	</zone>
	<zone rec="333|820|201|220" id="547">
		<id><![CDATA[1489994415609_1136_105]]></id>
		<rec><![CDATA[333|820|201|220]]></rec>
	</zone>
	<zone rec="536|411|203|407" id="544">
		<id><![CDATA[1489994415611_019_106]]></id>
		<rec><![CDATA[536|411|203|407]]></rec>
	</zone>
	<zone rec="536|818|203|222" id="548">
		<id><![CDATA[1489994415611_019_106]]></id>
		<rec><![CDATA[536|818|203|222]]></rec>
	</zone>
</page>
