<page uid="19">
	<zone rec="38|101|701|464" id="551">
		<id><![CDATA[1489994490401_7822_109]]></id>
		<rec><![CDATA[38|101|701|464]]></rec>
	</zone>
	<zone rec="40|567|350|493" id="553">
		<id><![CDATA[1489994490404_5111_110]]></id>
		<rec><![CDATA[40|567|350|493]]></rec>
	</zone>
	<zone rec="392|567|347|494" id="554">
		<id><![CDATA[1489994490406_163_111]]></id>
		<rec><![CDATA[392|567|347|494]]></rec>
	</zone>
	<zone rec="38|1060|700|17" id="556">
		<id><![CDATA[1489994490408_528_112]]></id>
		<rec><![CDATA[38|1060|700|17]]></rec>
	</zone>
</page>
