<page uid="19">
	<zone rec="38|102|702|464" id="561">
		<id><![CDATA[1489994537585_6546_118]]></id>
		<rec><![CDATA[38|102|702|464]]></rec>
	</zone>
	<zone rec="40|566|385|493" id="562">
		<id><![CDATA[1489994537587_4077_119]]></id>
		<rec><![CDATA[40|566|385|493]]></rec>
	</zone>
	<zone rec="427|566|313|494" id="563">
		<id><![CDATA[1489994537589_3820_120]]></id>
		<rec><![CDATA[427|566|313|494]]></rec>
	</zone>
	<zone rec="40|1060|695|18" id="564">
		<id><![CDATA[1489994537591_6729_121]]></id>
		<rec><![CDATA[40|1060|695|18]]></rec>
	</zone>
</page>
