<page uid="19">
	<zone rec="36|111|705|270" id="565">
		<id><![CDATA[1489994537593_6386_122]]></id>
		<rec><![CDATA[36|111|705|270]]></rec>
	</zone>
	<zone rec="36|397|705|303" id="566">
		<id><![CDATA[1489994537596_3131_123]]></id>
		<rec><![CDATA[36|397|705|303]]></rec>
	</zone>
	<zone rec="36|717|703|321" id="567">
		<id><![CDATA[1489994537598_5897_124]]></id>
		<rec><![CDATA[36|717|703|321]]></rec>
	</zone>
	<zone rec="38|1057|697|23" id="568">
		<id><![CDATA[1489994537600_656_125]]></id>
		<rec><![CDATA[38|1057|697|23]]></rec>
	</zone>
</page>
