<page uid="19">
	<zone rec="35|106|705|301" id="585">
		<id><![CDATA[1489995278230_5438_137]]></id>
		<rec><![CDATA[35|106|705|301]]></rec>
	</zone>
	<zone rec="36|417|704|307" id="586">
		<id><![CDATA[1489995278232_524_138]]></id>
		<rec><![CDATA[36|417|704|307]]></rec>
	</zone>
	<zone rec="36|731|703|317" id="587">
		<id><![CDATA[1489995278235_446_139]]></id>
		<rec><![CDATA[36|731|703|317]]></rec>
	</zone>
	<zone rec="39|1057|696|23" id="588">
		<id><![CDATA[1489995278237_6165_140]]></id>
		<rec><![CDATA[39|1057|696|23]]></rec>
	</zone>
</page>
