<page uid="19">
	<zone rec="38|100|351|506" id="591">
		<id><![CDATA[1489995339279_8577_143]]></id>
		<rec><![CDATA[38|100|351|506]]></rec>
	</zone>
	<zone rec="390|100|351|448" id="592">
		<id><![CDATA[1489995339282_529_144]]></id>
		<rec><![CDATA[390|100|351|448]]></rec>
	</zone>
	<zone rec="37|615|354|441" id="593">
		<id><![CDATA[1489995339285_1820_145]]></id>
		<rec><![CDATA[37|615|354|441]]></rec>
	</zone>
	<zone rec="38|1058|697|21" id="594">
		<id><![CDATA[1489995339287_2960_146]]></id>
		<rec><![CDATA[38|1058|697|21]]></rec>
	</zone>
	<zone rec="391|568|348|488" id="595">
		<id><![CDATA[1489995339289_8345_147]]></id>
		<rec><![CDATA[391|568|348|488]]></rec>
	</zone>
</page>
