<page uid="19">
	<zone rec="37|107|732|345" id="596">
		<id><![CDATA[1489995339291_039_148]]></id>
		<rec><![CDATA[37|107|732|345]]></rec>
	</zone>
	<zone rec="37|444|712|306" id="597">
		<id><![CDATA[1489995339293_5340_149]]></id>
		<rec><![CDATA[37|444|712|306]]></rec>
	</zone>
	<zone rec="37|748|703|279" id="598">
		<id><![CDATA[1489995339296_3182_150]]></id>
		<rec><![CDATA[37|748|703|279]]></rec>
	</zone>
	<zone rec="39|1057|695|23" id="599">
		<id><![CDATA[1489995339297_7449_151]]></id>
		<rec><![CDATA[39|1057|695|23]]></rec>
	</zone>
</page>
