<page uid="19">
	<zone rec="36|105|704|304" id="609">
		<id><![CDATA[1489995433309_2316_161]]></id>
		<rec><![CDATA[36|105|704|304]]></rec>
	</zone>
	<zone rec="37|416|702|324" id="610">
		<id><![CDATA[1489995433312_9923_162]]></id>
		<rec><![CDATA[37|416|702|324]]></rec>
	</zone>
	<zone rec="36|746|703|294" id="611">
		<id><![CDATA[1489995433313_707_163]]></id>
		<rec><![CDATA[36|746|703|294]]></rec>
	</zone>
	<zone rec="38|1055|696|25" id="612">
		<id><![CDATA[1489995433315_6741_164]]></id>
		<rec><![CDATA[38|1055|696|25]]></rec>
	</zone>
</page>
