<page uid="19">
	<zone rec="36|111|705|322" id="613">
		<id><![CDATA[1489995433317_5917_165]]></id>
		<rec><![CDATA[36|111|705|322]]></rec>
	</zone>
	<zone rec="38|448|702|320" id="614">
		<id><![CDATA[1489995433319_763_166]]></id>
		<rec><![CDATA[38|448|702|320]]></rec>
	</zone>
	<zone rec="39|783|702|259" id="615">
		<id><![CDATA[1489995433321_3254_167]]></id>
		<rec><![CDATA[39|783|702|259]]></rec>
	</zone>
	<zone rec="39|1057|697|22" id="616">
		<id><![CDATA[1489995433323_1725_168]]></id>
		<rec><![CDATA[39|1057|697|22]]></rec>
	</zone>
</page>
