<page uid="19">
	<zone rec="38|102|351|463" id="621">
		<id><![CDATA[1489995493594_528_173]]></id>
		<rec><![CDATA[38|102|351|463]]></rec>
	</zone>
	<zone rec="390|102|349|463" id="622">
		<id><![CDATA[1489995493595_2123_174]]></id>
		<rec><![CDATA[390|102|349|463]]></rec>
	</zone>
	<zone rec="38|565|350|496" id="624">
		<id><![CDATA[1489995493597_795_175]]></id>
		<rec><![CDATA[38|565|350|496]]></rec>
	</zone>
	<zone rec="390|566|349|494" id="625">
		<id><![CDATA[1489995493599_8551_176]]></id>
		<rec><![CDATA[390|566|349|494]]></rec>
	</zone>
	<zone rec="38|1060|698|18" id="626">
		<id><![CDATA[1489995493601_3396_177]]></id>
		<rec><![CDATA[38|1060|698|18]]></rec>
	</zone>
</page>
