<page uid="19">
	<zone rec="38|100|700|322" id="642">
		<id><![CDATA[1489995732599_4670_190]]></id>
		<rec><![CDATA[38|100|700|322]]></rec>
	</zone>
	<zone rec="38|420|700|318" id="643">
		<id><![CDATA[1489995732601_6858_191]]></id>
		<rec><![CDATA[38|420|700|318]]></rec>
	</zone>
	<zone rec="38|736|700|312" id="644">
		<id><![CDATA[1489995732603_1285_192]]></id>
		<rec><![CDATA[38|736|700|312]]></rec>
	</zone>
	<zone rec="36|1056|701|24" id="645">
		<id><![CDATA[1489995732605_7386_193]]></id>
		<rec><![CDATA[36|1056|701|24]]></rec>
	</zone>
</page>
