<page uid="19">
	<zone rec="35|96|705|324" id="648">
		<id><![CDATA[1489995795720_4313_197]]></id>
		<rec><![CDATA[35|96|705|324]]></rec>
	</zone>
	<zone rec="37|434|302|373" id="649">
		<id><![CDATA[1489995795722_6098_198]]></id>
		<rec><![CDATA[37|434|302|373]]></rec>
	</zone>
	<zone rec="339|434|401|237" id="655">
		<id><![CDATA[1489995795722_6098_198]]></id>
		<rec><![CDATA[339|434|401|237]]></rec>
	</zone>
	<zone rec="36|820|405|222" id="650">
		<id><![CDATA[1489995795724_1651_199]]></id>
		<rec><![CDATA[36|820|405|222]]></rec>
	</zone>
	<zone rec="441|689|299|353" id="656">
		<id><![CDATA[1489995795724_1651_199]]></id>
		<rec><![CDATA[441|689|299|353]]></rec>
	</zone>
	<zone rec="37|1056|699|23" id="651">
		<id><![CDATA[1489995795726_5036_200]]></id>
		<rec><![CDATA[37|1056|699|23]]></rec>
	</zone>
</page>
