<page uid="19">
	<zone rec="36|103|705|314" id="658">
		<id><![CDATA[1489995860592_5867_206]]></id>
		<rec><![CDATA[36|103|705|314]]></rec>
	</zone>
	<zone rec="37|420|704|299" id="659">
		<id><![CDATA[1489995860594_6179_207]]></id>
		<rec><![CDATA[37|420|704|299]]></rec>
	</zone>
	<zone rec="37|721|704|333" id="660">
		<id><![CDATA[1489995860596_1981_208]]></id>
		<rec><![CDATA[37|721|704|333]]></rec>
	</zone>
	<zone rec="36|1056|701|24" id="661">
		<id><![CDATA[1489995860598_4591_209]]></id>
		<rec><![CDATA[36|1056|701|24]]></rec>
	</zone>
</page>
