<page uid="19">
	<zone rec="36|110|703|404" id="680">
		<id><![CDATA[1489996326399_7832_226]]></id>
		<rec><![CDATA[36|110|703|404]]></rec>
	</zone>
	<zone rec="34|511|703|216" id="681">
		<id><![CDATA[1489996326401_3043_227]]></id>
		<rec><![CDATA[34|511|703|216]]></rec>
	</zone>
	<zone rec="37|753|702|291" id="682">
		<id><![CDATA[1489996326403_7911_228]]></id>
		<rec><![CDATA[37|753|702|291]]></rec>
	</zone>
	<zone rec="38|1055|696|24" id="683">
		<id><![CDATA[1489996326405_6944_229]]></id>
		<rec><![CDATA[38|1055|696|24]]></rec>
	</zone>
</page>
