<page uid="19">
	<zone rec="36|106|708|315" id="688">
		<id><![CDATA[1489996399980_6963_233]]></id>
		<rec><![CDATA[36|106|708|315]]></rec>
	</zone>
	<zone rec="36|426|708|314" id="689">
		<id><![CDATA[1489996399982_5840_234]]></id>
		<rec><![CDATA[36|426|708|314]]></rec>
	</zone>
	<zone rec="36|743|727|304" id="690">
		<id><![CDATA[1489996399983_3594_235]]></id>
		<rec><![CDATA[36|743|727|304]]></rec>
	</zone>
	<zone rec="38|1056|697|24" id="691">
		<id><![CDATA[1489996399985_8023_236]]></id>
		<rec><![CDATA[38|1056|697|24]]></rec>
	</zone>
</page>
