<page uid="19">
	<zone rec="389|127|351|600" id="704">
		<id><![CDATA[1489996516431_117_247]]></id>
		<rec><![CDATA[389|127|351|600]]></rec>
	</zone>
	<zone rec="389|730|351|332" id="705">
		<id><![CDATA[1489996516433_1150_248]]></id>
		<rec><![CDATA[389|730|351|332]]></rec>
	</zone>
	<zone rec="37|126|344|127" id="707">
		<id><![CDATA[1489996516435_7273_249]]></id>
		<rec><![CDATA[37|126|344|127]]></rec>
	</zone>
	<zone rec="38|254|351|695" id="708">
		<id><![CDATA[1489996516437_1710_250]]></id>
		<rec><![CDATA[38|254|351|695]]></rec>
	</zone>
	<zone rec="38|950|351|107" id="713">
		<id><![CDATA[1489996516437_1710_250]]></id>
		<rec><![CDATA[38|950|351|107]]></rec>
	</zone>
	<zone rec="38|1058|697|20" id="709">
		<id><![CDATA[1489996516439_9979_251]]></id>
		<rec><![CDATA[38|1058|697|20]]></rec>
	</zone>
</page>
