<page uid="19">
	<zone rec="36|417|273|638" id="718">
		<id><![CDATA[1489996567324_4071_259]]></id>
		<rec><![CDATA[36|417|273|638]]></rec>
	</zone>
	<zone rec="310|587|432|468" id="719">
		<id><![CDATA[1489996567326_7778_260]]></id>
		<rec><![CDATA[310|587|432|468]]></rec>
	</zone>
	<zone rec="110|99|202|271" id="720">
		<id><![CDATA[1489996567328_6914_261]]></id>
		<rec><![CDATA[110|99|202|271]]></rec>
	</zone>
	<zone rec="312|99|428|487" id="724">
		<id><![CDATA[1489996567328_6914_261]]></id>
		<rec><![CDATA[312|99|428|487]]></rec>
	</zone>
	<zone rec="38|1057|697|22" id="721">
		<id><![CDATA[1489996567330_054_262]]></id>
		<rec><![CDATA[38|1057|697|22]]></rec>
	</zone>
</page>
