<page uid="19">
	<zone rec="105|96|207|256" id="727">
		<id><![CDATA[1489996648109_351_265]]></id>
		<rec><![CDATA[105|96|207|256]]></rec>
	</zone>
	<zone rec="312|96|427|471" id="739">
		<id><![CDATA[1489996648109_351_265]]></id>
		<rec><![CDATA[312|96|427|471]]></rec>
	</zone>
	<zone rec="36|400|273|656" id="728">
		<id><![CDATA[1489996648112_4190_266]]></id>
		<rec><![CDATA[36|400|273|656]]></rec>
	</zone>
	<zone rec="310|567|428|489" id="729">
		<id><![CDATA[1489996648114_34_267]]></id>
		<rec><![CDATA[310|567|428|489]]></rec>
	</zone>
	<zone rec="39|1057|694|23" id="730">
		<id><![CDATA[1489996648116_8245_268]]></id>
		<rec><![CDATA[39|1057|694|23]]></rec>
	</zone>
</page>
