<page uid="19">
	<zone rec="34|97|708|433" id="732">
		<id><![CDATA[1489996648118_620_269]]></id>
		<rec><![CDATA[34|97|708|433]]></rec>
	</zone>
	<zone rec="39|530|702|203" id="733">
		<id><![CDATA[1489996648120_3069_270]]></id>
		<rec><![CDATA[39|530|702|203]]></rec>
	</zone>
	<zone rec="34|730|707|318" id="735">
		<id><![CDATA[1489996648122_194_271]]></id>
		<rec><![CDATA[34|730|707|318]]></rec>
	</zone>
	<zone rec="38|1055|698|26" id="736">
		<id><![CDATA[1489996648124_389_272]]></id>
		<rec><![CDATA[38|1055|698|26]]></rec>
	</zone>
</page>
