<page uid="19">
	<zone rec="35|105|706|360" id="758">
		<id><![CDATA[1489996893908_8149_291]]></id>
		<rec><![CDATA[35|105|706|360]]></rec>
	</zone>
	<zone rec="38|465|468|592" id="760">
		<id><![CDATA[1489996893912_7099_293]]></id>
		<rec><![CDATA[38|465|468|592]]></rec>
	</zone>
	<zone rec="507|465|233|592" id="761">
		<id><![CDATA[1489996893915_8380_294]]></id>
		<rec><![CDATA[507|465|233|592]]></rec>
	</zone>
	<zone rec="40|1058|696|20" id="762">
		<id><![CDATA[1489996893917_29_295]]></id>
		<rec><![CDATA[40|1058|696|20]]></rec>
	</zone>
</page>
