<page uid="19">
	<zone rec="38|109|703|479" id="781">
		<id><![CDATA[1489997043991_8797_310]]></id>
		<rec><![CDATA[38|109|703|479]]></rec>
	</zone>
	<zone rec="38|588|352|465" id="783">
		<id><![CDATA[1489997043993_61_311]]></id>
		<rec><![CDATA[38|588|352|465]]></rec>
	</zone>
	<zone rec="38|1057|697|23" id="785">
		<id><![CDATA[1489997043995_236_312]]></id>
		<rec><![CDATA[38|1057|697|23]]></rec>
	</zone>
	<zone rec="391|588|349|465" id="887">
		<id><![CDATA[1489998004244_1426_387]]></id>
		<rec><![CDATA[391|588|349|465]]></rec>
	</zone>
</page>
