<page uid="19">
	<zone rec="38|116|351|634" id="789">
		<id><![CDATA[1489997141255_5211_315]]></id>
		<rec><![CDATA[38|116|351|634]]></rec>
	</zone>
	<zone rec="38|750|351|293" id="797">
		<id><![CDATA[1489997141255_5211_315]]></id>
		<rec><![CDATA[38|750|351|293]]></rec>
	</zone>
	<zone rec="390|117|350|633" id="790">
		<id><![CDATA[1489997141257_3772_316]]></id>
		<rec><![CDATA[390|117|350|633]]></rec>
	</zone>
	<zone rec="390|750|350|292" id="798">
		<id><![CDATA[1489997141257_3772_316]]></id>
		<rec><![CDATA[390|750|350|292]]></rec>
	</zone>
	<zone rec="36|1056|697|23" id="791">
		<id><![CDATA[1489997141260_842_317]]></id>
		<rec><![CDATA[36|1056|697|23]]></rec>
	</zone>
</page>
