<page uid="19">
	<zone rec="35|95|706|303" id="792">
		<id><![CDATA[1489997141262_2895_318]]></id>
		<rec><![CDATA[35|95|706|303]]></rec>
	</zone>
	<zone rec="35|405|706|314" id="793">
		<id><![CDATA[1489997141264_4642_319]]></id>
		<rec><![CDATA[35|405|706|314]]></rec>
	</zone>
	<zone rec="36|727|706|322" id="794">
		<id><![CDATA[1489997141266_6834_320]]></id>
		<rec><![CDATA[36|727|706|322]]></rec>
	</zone>
	<zone rec="38|1056|698|23" id="795">
		<id><![CDATA[1489997141268_9317_321]]></id>
		<rec><![CDATA[38|1056|698|23]]></rec>
	</zone>
</page>
