<page uid="19">
	<zone rec="40|1058|692|20" id="837">
		<id><![CDATA[1489997564411_116_337]]></id>
		<rec><![CDATA[40|1058|692|20]]></rec>
	</zone>
	<zone rec="38|801|223|244" id="829">
		<id><![CDATA[1489997712364_9033_340]]></id>
		<rec><![CDATA[38|801|223|244]]></rec>
	</zone>
	<zone rec="262|801|237|244" id="831">
		<id><![CDATA[1489997712366_067_341]]></id>
		<rec><![CDATA[262|801|237|244]]></rec>
	</zone>
	<zone rec="501|801|237|244" id="832">
		<id><![CDATA[1489997712368_5858_342]]></id>
		<rec><![CDATA[501|801|237|244]]></rec>
	</zone>
	<zone rec="38|125|700|676" id="834">
		<id><![CDATA[1489997712371_2624_343]]></id>
		<rec><![CDATA[38|125|700|676]]></rec>
	</zone>
</page>
