<page uid="19">
	<zone rec="37|110|705|704" id="909">
		<id><![CDATA[1489999742117_846_408]]></id>
		<rec><![CDATA[37|110|705|704]]></rec>
	</zone>
	<zone rec="39|815|235|249" id="911">
		<id><![CDATA[1489999742119_6140_409]]></id>
		<rec><![CDATA[39|815|235|249]]></rec>
	</zone>
	<zone rec="275|815|231|249" id="912">
		<id><![CDATA[1489999742122_4957_410]]></id>
		<rec><![CDATA[275|815|231|249]]></rec>
	</zone>
	<zone rec="506|815|235|220" id="913">
		<id><![CDATA[1489999742124_1050_411]]></id>
		<rec><![CDATA[506|815|235|220]]></rec>
	</zone>
</page>
