<page uid="19">
	<zone rec="38|108|702|294" id="927">
		<id><![CDATA[1489999797994_348_419]]></id>
		<rec><![CDATA[38|108|702|294]]></rec>
	</zone>
	<zone rec="38|432|701|288" id="928">
		<id><![CDATA[1489999797996_2051_420]]></id>
		<rec><![CDATA[38|432|701|288]]></rec>
	</zone>
	<zone rec="39|755|699|290" id="930">
		<id><![CDATA[1489999797998_3588_421]]></id>
		<rec><![CDATA[39|755|699|290]]></rec>
	</zone>
	<zone rec="41|1059.15|692|19" id="931">
		<id><![CDATA[1489999798000_7651_422]]></id>
		<rec><![CDATA[41|1059.15|692|19]]></rec>
	</zone>
</page>
