<page uid="19">
	<zone rec="41|112|348|162" id="934">
		<id><![CDATA[1489999941682_5738_425]]></id>
		<rec><![CDATA[41|112|348|162]]></rec>
	</zone>
	<zone rec="390|149|348|450" id="935">
		<id><![CDATA[1489999941684_47_426]]></id>
		<rec><![CDATA[390|149|348|450]]></rec>
	</zone>
	<zone rec="39|289|350|311" id="937">
		<id><![CDATA[1489999941686_7946_427]]></id>
		<rec><![CDATA[39|289|350|311]]></rec>
	</zone>
	<zone rec="40|602|349|354" id="938">
		<id><![CDATA[1489999941688_2596_428]]></id>
		<rec><![CDATA[40|602|349|354]]></rec>
	</zone>
	<zone rec="391|602|346|353" id="939">
		<id><![CDATA[1489999941690_6266_429]]></id>
		<rec><![CDATA[391|602|346|353]]></rec>
	</zone>
	<zone rec="520|958|218|94" id="940">
		<id><![CDATA[1489999941693_1520_430]]></id>
		<rec><![CDATA[520|958|218|94]]></rec>
	</zone>
	<zone rec="39|1058|693|20" id="941">
		<id><![CDATA[1489999941695_717_431]]></id>
		<rec><![CDATA[39|1058|693|20]]></rec>
	</zone>
	<zone rec="42|959|475|60" id="942">
		<id><![CDATA[1489999941696_5892_432]]></id>
		<rec><![CDATA[42|959|475|60]]></rec>
	</zone>
</page>
