<page uid="19">
	<zone rec="37|108|701|296" id="943">
		<id><![CDATA[1489999941698_6798_433]]></id>
		<rec><![CDATA[37|108|701|296]]></rec>
	</zone>
	<zone rec="38|406|700|320" id="944">
		<id><![CDATA[1489999941701_924_434]]></id>
		<rec><![CDATA[38|406|700|320]]></rec>
	</zone>
	<zone rec="41|681|453|373" id="945">
		<id><![CDATA[1489999941703_870_435]]></id>
		<rec><![CDATA[41|681|453|373]]></rec>
	</zone>
	<zone rec="495|730|244|321" id="948">
		<id><![CDATA[1489999941703_870_435]]></id>
		<rec><![CDATA[495|730|244|321]]></rec>
	</zone>
	<zone rec="39|1059|693|20" id="946">
		<id><![CDATA[1489999941704_7430_436]]></id>
		<rec><![CDATA[39|1059|693|20]]></rec>
	</zone>
</page>
