<page uid="19">
	<zone rec="39|102|701|341" id="952">
		<id><![CDATA[1490000021824_3910_439]]></id>
		<rec><![CDATA[39|102|701|341]]></rec>
	</zone>
	<zone rec="39|445|701|255" id="953">
		<id><![CDATA[1490000021826_7829_440]]></id>
		<rec><![CDATA[39|445|701|255]]></rec>
	</zone>
	<zone rec="39|729|700|319" id="954">
		<id><![CDATA[1490000021828_3482_441]]></id>
		<rec><![CDATA[39|729|700|319]]></rec>
	</zone>
	<zone rec="39|1056|695|22" id="955">
		<id><![CDATA[1490000021830_6942_442]]></id>
		<rec><![CDATA[39|1056|695|22]]></rec>
	</zone>
</page>
