<page uid="19">
	<zone rec="37|122|702|275" id="957">
		<id><![CDATA[1490000021832_2858_443]]></id>
		<rec><![CDATA[37|122|702|275]]></rec>
	</zone>
	<zone rec="38|417|702|273" id="958">
		<id><![CDATA[1490000021834_5158_444]]></id>
		<rec><![CDATA[38|417|702|273]]></rec>
	</zone>
	<zone rec="39|711|699|331" id="959">
		<id><![CDATA[1490000021836_5323_445]]></id>
		<rec><![CDATA[39|711|699|331]]></rec>
	</zone>
	<zone rec="39|1057|695|21" id="960">
		<id><![CDATA[1490000021838_7382_446]]></id>
		<rec><![CDATA[39|1057|695|21]]></rec>
	</zone>
</page>
