<page uid="19">
	<zone rec="39|404|350|399" id="996">
		<id><![CDATA[1490000291078_6236_477]]></id>
		<rec><![CDATA[39|404|350|399]]></rec>
	</zone>
	<zone rec="39|803|350|256" id="1008">
		<id><![CDATA[1490000291078_6236_477]]></id>
		<rec><![CDATA[39|803|350|256]]></rec>
	</zone>
	<zone rec="390|506|349|554" id="997">
		<id><![CDATA[1490000291081_5978_478]]></id>
		<rec><![CDATA[390|506|349|554]]></rec>
	</zone>
	<zone rec="40|1059|694|20" id="998">
		<id><![CDATA[1490000291083_5388_479]]></id>
		<rec><![CDATA[40|1059|694|20]]></rec>
	</zone>
	<zone rec="39|98|350|282" id="1000">
		<id><![CDATA[1490000291085_265_480]]></id>
		<rec><![CDATA[39|98|350|282]]></rec>
	</zone>
	<zone rec="390|100|350|408" id="1009">
		<id><![CDATA[1490000291085_265_480]]></id>
		<rec><![CDATA[390|100|350|408]]></rec>
	</zone>
</page>
