<page uid="19">
	<zone rec="38|108|701|319" id="1002">
		<id><![CDATA[1490000291087_5113_481]]></id>
		<rec><![CDATA[38|108|701|319]]></rec>
	</zone>
	<zone rec="38|427|701|337" id="1004">
		<id><![CDATA[1490000291089_8055_482]]></id>
		<rec><![CDATA[38|427|701|337]]></rec>
	</zone>
	<zone rec="38|766|702|291" id="1005">
		<id><![CDATA[1490000291091_6276_483]]></id>
		<rec><![CDATA[38|766|702|291]]></rec>
	</zone>
	<zone rec="40|1058|696|20" id="1006">
		<id><![CDATA[1490000291093_158_484]]></id>
		<rec><![CDATA[40|1058|696|20]]></rec>
	</zone>
</page>
