<page uid="19">
	<zone rec="38|96|701|317" id="1011">
		<id><![CDATA[1490000372364_9484_487]]></id>
		<rec><![CDATA[38|96|701|317]]></rec>
	</zone>
	<zone rec="38|411|701|319" id="1012">
		<id><![CDATA[1490000372366_8362_488]]></id>
		<rec><![CDATA[38|411|701|319]]></rec>
	</zone>
	<zone rec="40|728|699|305" id="1013">
		<id><![CDATA[1490000372368_5886_489]]></id>
		<rec><![CDATA[40|728|699|305]]></rec>
	</zone>
	<zone rec="39|1057|693|21" id="1014">
		<id><![CDATA[1490000372370_4866_490]]></id>
		<rec><![CDATA[39|1057|693|21]]></rec>
	</zone>
</page>
