<page uid="19">
	<zone rec="38|99|702|312" id="1021">
		<id><![CDATA[1490000575873_666_495]]></id>
		<rec><![CDATA[38|99|702|312]]></rec>
	</zone>
	<zone rec="35|436|705|360" id="1022">
		<id><![CDATA[1490000575876_782_496]]></id>
		<rec><![CDATA[35|436|705|360]]></rec>
	</zone>
	<zone rec="35|797|705|252" id="1023">
		<id><![CDATA[1490000575879_8599_497]]></id>
		<rec><![CDATA[35|797|705|252]]></rec>
	</zone>
	<zone rec="40|1057|694|21" id="1024">
		<id><![CDATA[1490000575881_5195_498]]></id>
		<rec><![CDATA[40|1057|694|21]]></rec>
	</zone>
</page>
