<page uid="19">
	<zone rec="38|98|702|277" id="1026">
		<id><![CDATA[1490000575883_5498_499]]></id>
		<rec><![CDATA[38|98|702|277]]></rec>
	</zone>
	<zone rec="39|380|700|371" id="1027">
		<id><![CDATA[1490000575885_2660_500]]></id>
		<rec><![CDATA[39|380|700|371]]></rec>
	</zone>
	<zone rec="37|762|703|293" id="1029">
		<id><![CDATA[1490000575887_1262_501]]></id>
		<rec><![CDATA[37|762|703|293]]></rec>
	</zone>
	<zone rec="39|1058|694|20" id="1030">
		<id><![CDATA[1490000575889_7276_502]]></id>
		<rec><![CDATA[39|1058|694|20]]></rec>
	</zone>
</page>
