<page uid="19">
	<zone rec="37|104|704|310" id="1033">
		<id><![CDATA[1490000643600_6846_505]]></id>
		<rec><![CDATA[37|104|704|310]]></rec>
	</zone>
	<zone rec="37|416|704|330" id="1034">
		<id><![CDATA[1490000643602_5512_506]]></id>
		<rec><![CDATA[37|416|704|330]]></rec>
	</zone>
	<zone rec="38|748|703|302" id="1035">
		<id><![CDATA[1490000643604_326_507]]></id>
		<rec><![CDATA[38|748|703|302]]></rec>
	</zone>
	<zone rec="40|1057|695|21" id="1036">
		<id><![CDATA[1490000643606_538_508]]></id>
		<rec><![CDATA[40|1057|695|21]]></rec>
	</zone>
</page>
