<page uid="19">
	<zone rec="36|104|704|328" id="1038">
		<id><![CDATA[1490000643608_365_509]]></id>
		<rec><![CDATA[36|104|704|328]]></rec>
	</zone>
	<zone rec="36|434|704|316" id="1039">
		<id><![CDATA[1490000643611_1659_510]]></id>
		<rec><![CDATA[36|434|704|316]]></rec>
	</zone>
	<zone rec="36|749|704|308" id="1040">
		<id><![CDATA[1490000643613_7265_511]]></id>
		<rec><![CDATA[36|749|704|308]]></rec>
	</zone>
	<zone rec="40|1058|694|20" id="1041">
		<id><![CDATA[1490000643615_3722_512]]></id>
		<rec><![CDATA[40|1058|694|20]]></rec>
	</zone>
</page>
