<page uid="19">
	<zone rec="35|97|705|332" id="1055">
		<id><![CDATA[1490000933285_583_525]]></id>
		<rec><![CDATA[35|97|705|332]]></rec>
	</zone>
	<zone rec="36|432|353|623" id="1056">
		<id><![CDATA[1490000933288_621_526]]></id>
		<rec><![CDATA[36|432|353|623]]></rec>
	</zone>
	<zone rec="390|432|350|623" id="1057">
		<id><![CDATA[1490000933290_7380_527]]></id>
		<rec><![CDATA[390|432|350|623]]></rec>
	</zone>
	<zone rec="40|1058|693|20" id="1058">
		<id><![CDATA[1490000933292_7054_528]]></id>
		<rec><![CDATA[40|1058|693|20]]></rec>
	</zone>
</page>
