<page uid="19">
	<zone rec="35|104|706|321" id="1087">
		<id><![CDATA[1490001175658_1597_549]]></id>
		<rec><![CDATA[35|104|706|321]]></rec>
	</zone>
	<zone rec="35|427|706|313" id="1088">
		<id><![CDATA[1490001175661_1680_550]]></id>
		<rec><![CDATA[35|427|706|313]]></rec>
	</zone>
	<zone rec="35|742|706|313" id="1089">
		<id><![CDATA[1490001175663_4770_551]]></id>
		<rec><![CDATA[35|742|706|313]]></rec>
	</zone>
	<zone rec="39|1057|695|23" id="1090">
		<id><![CDATA[1490001175666_1460_552]]></id>
		<rec><![CDATA[39|1057|695|23]]></rec>
	</zone>
</page>
