<page uid="19">
	<zone rec="36|108|704|328" id="1106">
		<id><![CDATA[1490001305573_185_566]]></id>
		<rec><![CDATA[36|108|704|328]]></rec>
	</zone>
	<zone rec="36|439|704|316" id="1107">
		<id><![CDATA[1490001305575_9112_567]]></id>
		<rec><![CDATA[36|439|704|316]]></rec>
	</zone>
	<zone rec="36|758|704|285" id="1108">
		<id><![CDATA[1490001305577_7711_568]]></id>
		<rec><![CDATA[36|758|704|285]]></rec>
	</zone>
	<zone rec="40|1057|695|21" id="1109">
		<id><![CDATA[1490001305585_6816_569]]></id>
		<rec><![CDATA[40|1057|695|21]]></rec>
	</zone>
</page>
