<page uid="19">
	<zone rec="39|783|699|279" id="1137">
		<id><![CDATA[1490002005155_654_584]]></id>
		<rec><![CDATA[39|783|699|279]]></rec>
	</zone>
	<zone rec="39|141|173|351" id="1138">
		<id><![CDATA[1490002005157_1278_585]]></id>
		<rec><![CDATA[39|141|173|351]]></rec>
	</zone>
	<zone rec="39|492|173|172" id="1144">
		<id><![CDATA[1490002005157_1278_585]]></id>
		<rec><![CDATA[39|492|173|172]]></rec>
	</zone>
	<zone rec="217|141|170|351" id="1139">
		<id><![CDATA[1490002005159_9598_586]]></id>
		<rec><![CDATA[217|141|170|351]]></rec>
	</zone>
	<zone rec="217|492|170|265" id="1145">
		<id><![CDATA[1490002005159_9598_586]]></id>
		<rec><![CDATA[217|492|170|265]]></rec>
	</zone>
	<zone rec="394|141|170|351" id="1140">
		<id><![CDATA[1490002005162_079_587]]></id>
		<rec><![CDATA[394|141|170|351]]></rec>
	</zone>
	<zone rec="394|492|170|187" id="1146">
		<id><![CDATA[1490002005162_079_587]]></id>
		<rec><![CDATA[394|492|170|187]]></rec>
	</zone>
	<zone rec="568|140|173|352" id="1141">
		<id><![CDATA[1490002005164_336_588]]></id>
		<rec><![CDATA[568|140|173|352]]></rec>
	</zone>
	<zone rec="568|492|173|291" id="1147">
		<id><![CDATA[1490002005164_336_588]]></id>
		<rec><![CDATA[568|492|173|291]]></rec>
	</zone>
</page>
