<page uid="19">
	<zone rec="37|108|478|138" id="1149">
		<id><![CDATA[1490002197284_467_591]]></id>
		<rec><![CDATA[37|108|478|138]]></rec>
	</zone>
	<zone rec="37|248|307|407" id="1150">
		<id><![CDATA[1490002197287_6252_592]]></id>
		<rec><![CDATA[37|248|307|407]]></rec>
	</zone>
	<zone rec="346|460|378|293" id="1151">
		<id><![CDATA[1490002197289_683_593]]></id>
		<rec><![CDATA[346|460|378|293]]></rec>
	</zone>
	<zone rec="36|684|305|365" id="1152">
		<id><![CDATA[1490002197291_62_594]]></id>
		<rec><![CDATA[36|684|305|365]]></rec>
	</zone>
	<zone rec="343|734|378|310" id="1153">
		<id><![CDATA[1490002197293_8084_595]]></id>
		<rec><![CDATA[343|734|378|310]]></rec>
	</zone>
	<zone rec="37|1057|697|21" id="1154">
		<id><![CDATA[1490002197295_9976_596]]></id>
		<rec><![CDATA[37|1057|697|21]]></rec>
	</zone>
	<zone rec="347|180|396|279" id="1155">
		<id><![CDATA[1490002197297_2278_597]]></id>
		<rec><![CDATA[347|180|396|279]]></rec>
	</zone>
</page>
