<page uid="19">
	<zone rec="34|107|708|461" id="1171">
		<id><![CDATA[1490002426305_910_603]]></id>
		<rec><![CDATA[34|107|708|461]]></rec>
	</zone>
	<zone rec="34|570|397|305" id="1172">
		<id><![CDATA[1490002426307_6191_604]]></id>
		<rec><![CDATA[34|570|397|305]]></rec>
	</zone>
	<zone rec="432|570|310|304" id="1174">
		<id><![CDATA[1490002426310_8684_605]]></id>
		<rec><![CDATA[432|570|310|304]]></rec>
	</zone>
	<zone rec="35|882|707|177" id="1175">
		<id><![CDATA[1490002426312_672_606]]></id>
		<rec><![CDATA[35|882|707|177]]></rec>
	</zone>
	<zone rec="39|1056|698|22" id="1176">
		<id><![CDATA[1490002426314_6326_607]]></id>
		<rec><![CDATA[39|1056|698|22]]></rec>
	</zone>
</page>
