<page uid="19">
	<zone rec="36|107|477|142" id="1178">
		<id><![CDATA[1490002426316_9864_608]]></id>
		<rec><![CDATA[36|107|477|142]]></rec>
	</zone>
	<zone rec="37|250|304|404" id="1179">
		<id><![CDATA[1490002426318_4087_609]]></id>
		<rec><![CDATA[37|250|304|404]]></rec>
	</zone>
	<zone rec="346|178|398|281" id="1180">
		<id><![CDATA[1490002426320_152_610]]></id>
		<rec><![CDATA[346|178|398|281]]></rec>
	</zone>
	<zone rec="346|460|380|291" id="1181">
		<id><![CDATA[1490002426322_3357_611]]></id>
		<rec><![CDATA[346|460|380|291]]></rec>
	</zone>
	<zone rec="37|685|304|359" id="1182">
		<id><![CDATA[1490002426324_1356_612]]></id>
		<rec><![CDATA[37|685|304|359]]></rec>
	</zone>
	<zone rec="343|735|378|309" id="1183">
		<id><![CDATA[1490002426326_7982_613]]></id>
		<rec><![CDATA[343|735|378|309]]></rec>
	</zone>
	<zone rec="38|1057|699|23" id="1184">
		<id><![CDATA[1490002426328_8041_614]]></id>
		<rec><![CDATA[38|1057|699|23]]></rec>
	</zone>
</page>
