<page uid="19">
	<zone rec="35|794|356|263" id="1208">
		<id><![CDATA[1490002942887_2177_633]]></id>
		<rec><![CDATA[35|794|356|263]]></rec>
	</zone>
	<zone rec="389|794|349|263" id="1209">
		<id><![CDATA[1490002942890_728_634]]></id>
		<rec><![CDATA[389|794|349|263]]></rec>
	</zone>
	<zone rec="37|1057|700|23" id="1210">
		<id><![CDATA[1490002942892_8168_635]]></id>
		<rec><![CDATA[37|1057|700|23]]></rec>
	</zone>
	<zone rec="35|102|725|673" id="1218">
		<id><![CDATA[1490002942909_9351_641]]></id>
		<rec><![CDATA[35|102|725|673]]></rec>
	</zone>
</page>
