<page uid="19">
	<zone rec="35|126|354|544" id="1211">
		<id><![CDATA[1490002942894_1946_636]]></id>
		<rec><![CDATA[35|126|354|544]]></rec>
	</zone>
	<zone rec="388|103|352|642" id="1212">
		<id><![CDATA[1490002942896_4296_637]]></id>
		<rec><![CDATA[388|103|352|642]]></rec>
	</zone>
	<zone rec="388|759|354|298" id="1213">
		<id><![CDATA[1490002942903_1263_638]]></id>
		<rec><![CDATA[388|759|354|298]]></rec>
	</zone>
	<zone rec="37|683|322|377" id="1214">
		<id><![CDATA[1490002942905_3865_639]]></id>
		<rec><![CDATA[37|683|322|377]]></rec>
	</zone>
	<zone rec="38|1058|699|22" id="1215">
		<id><![CDATA[1490002942907_2432_640]]></id>
		<rec><![CDATA[38|1058|699|22]]></rec>
	</zone>
</page>
