<page uid="19">
	<zone rec="38|118|346|253" id="1221">
		<id><![CDATA[1490003029865_7850_644]]></id>
		<rec><![CDATA[38|118|346|253]]></rec>
	</zone>
	<zone rec="387|112|348|321" id="1222">
		<id><![CDATA[1490003029867_5417_645]]></id>
		<rec><![CDATA[387|112|348|321]]></rec>
	</zone>
	<zone rec="396|435|350|228" id="1223">
		<id><![CDATA[1490003029869_5439_646]]></id>
		<rec><![CDATA[396|435|350|228]]></rec>
	</zone>
	<zone rec="397|613|336|410" id="1224">
		<id><![CDATA[1490003029871_441_647]]></id>
		<rec><![CDATA[397|613|336|410]]></rec>
	</zone>
	<zone rec="45|375|337|241" id="1225">
		<id><![CDATA[1490003029873_5581_648]]></id>
		<rec><![CDATA[45|375|337|241]]></rec>
	</zone>
	<zone rec="47|622|315|171" id="1226">
		<id><![CDATA[1490003029876_8734_649]]></id>
		<rec><![CDATA[47|622|315|171]]></rec>
	</zone>
	<zone rec="46|775|335|244" id="1227">
		<id><![CDATA[1490003029878_3682_650]]></id>
		<rec><![CDATA[46|775|335|244]]></rec>
	</zone>
	<zone rec="38|1056|696|24" id="1228">
		<id><![CDATA[1490003029880_5871_651]]></id>
		<rec><![CDATA[38|1056|696|24]]></rec>
	</zone>
</page>
