<page uid="19">
	<zone rec="36|101|353|130" id="1230">
		<id><![CDATA[1490003029882_1012_652]]></id>
		<rec><![CDATA[36|101|353|130]]></rec>
	</zone>
	<zone rec="390|101|347|345" id="1231">
		<id><![CDATA[1490003029884_992_653]]></id>
		<rec><![CDATA[390|101|347|345]]></rec>
	</zone>
	<zone rec="390|443|296|202" id="1232">
		<id><![CDATA[1490003029885_4111_654]]></id>
		<rec><![CDATA[390|443|296|202]]></rec>
	</zone>
	<zone rec="40|235|350|326" id="1233">
		<id><![CDATA[1490003029886_4313_655]]></id>
		<rec><![CDATA[40|235|350|326]]></rec>
	</zone>
	<zone rec="43|564|343|233" id="1234">
		<id><![CDATA[1490003029893_3662_656]]></id>
		<rec><![CDATA[43|564|343|233]]></rec>
	</zone>
	<zone rec="27|758|363|285" id="1235">
		<id><![CDATA[1490003029894_3785_657]]></id>
		<rec><![CDATA[27|758|363|285]]></rec>
	</zone>
	<zone rec="391|577|353|466" id="1236">
		<id><![CDATA[1490003029895_9176_658]]></id>
		<rec><![CDATA[391|577|353|466]]></rec>
	</zone>
	<zone rec="37|1056|697|23" id="1237">
		<id><![CDATA[1490003029896_1889_659]]></id>
		<rec><![CDATA[37|1056|697|23]]></rec>
	</zone>
</page>
