<page uid="19">
	<zone rec="35|101|707|488" id="1240">
		<id><![CDATA[1490003075536_135_662]]></id>
		<rec><![CDATA[35|101|707|488]]></rec>
	</zone>
	<zone rec="35|602|435|437" id="1242">
		<id><![CDATA[1490003075546_3571_664]]></id>
		<rec><![CDATA[35|602|435|437]]></rec>
	</zone>
	<zone rec="469|602|270|448" id="1243">
		<id><![CDATA[1490003075548_223_665]]></id>
		<rec><![CDATA[469|602|270|448]]></rec>
	</zone>
	<zone rec="38|1056|697|23" id="1244">
		<id><![CDATA[1490003075551_6655_666]]></id>
		<rec><![CDATA[38|1056|697|23]]></rec>
	</zone>
</page>
