<page uid="19">
	<zone rec="35|130|390|140" id="1258">
		<id><![CDATA[1490003244310_1966_679]]></id>
		<rec><![CDATA[35|130|390|140]]></rec>
	</zone>
	<zone rec="444|134|288|484" id="1259">
		<id><![CDATA[1490003244312_4544_680]]></id>
		<rec><![CDATA[444|134|288|484]]></rec>
	</zone>
	<zone rec="267|276|252|342" id="1260">
		<id><![CDATA[1490003244314_5717_681]]></id>
		<rec><![CDATA[267|276|252|342]]></rec>
	</zone>
	<zone rec="37|350|232|268" id="1261">
		<id><![CDATA[1490003244317_6015_682]]></id>
		<rec><![CDATA[37|350|232|268]]></rec>
	</zone>
	<zone rec="43|667|221|268" id="1262">
		<id><![CDATA[1490003244319_6156_683]]></id>
		<rec><![CDATA[43|667|221|268]]></rec>
	</zone>
	<zone rec="266|667|215|263" id="1263">
		<id><![CDATA[1490003244321_56_684]]></id>
		<rec><![CDATA[266|667|215|263]]></rec>
	</zone>
	<zone rec="483|637|253|371" id="1264">
		<id><![CDATA[1490003244323_1923_685]]></id>
		<rec><![CDATA[483|637|253|371]]></rec>
	</zone>
	<zone rec="36|1057|698|23" id="1265">
		<id><![CDATA[1490003244325_5591_686]]></id>
		<rec><![CDATA[36|1057|698|23]]></rec>
	</zone>
</page>
