<page uid="19">
	<zone rec="35|96|705|291" id="1276">
		<id><![CDATA[1490003281509_8974_695]]></id>
		<rec><![CDATA[35|96|705|291]]></rec>
	</zone>
	<zone rec="35|391|705|331" id="1277">
		<id><![CDATA[1490003281511_9612_696]]></id>
		<rec><![CDATA[35|391|705|331]]></rec>
	</zone>
	<zone rec="35|728|705|320" id="1278">
		<id><![CDATA[1490003281514_889_697]]></id>
		<rec><![CDATA[35|728|705|320]]></rec>
	</zone>
	<zone rec="37|1056|698|23" id="1279">
		<id><![CDATA[1490003281516_7331_698]]></id>
		<rec><![CDATA[37|1056|698|23]]></rec>
	</zone>
</page>
