<page uid="19">
	<zone rec="37|109|322|229" id="1240">
		<id><![CDATA[1490004380799_6664_30]]></id>
		<rec><![CDATA[37|109|322|229]]></rec>
	</zone>
	<zone rec="194|352|307|100" id="1241">
		<id><![CDATA[1490004380801_432_31]]></id>
		<rec><![CDATA[194|352|307|100]]></rec>
	</zone>
	<zone rec="507|117|200|610" id="1253">
		<id><![CDATA[1490004380801_432_31]]></id>
		<rec><![CDATA[507|117|200|610]]></rec>
	</zone>
	<zone rec="41|451|458|203" id="1242">
		<id><![CDATA[1490004380804_8317_32]]></id>
		<rec><![CDATA[41|451|458|203]]></rec>
	</zone>
	<zone rec="41|655|217|398" id="1243">
		<id><![CDATA[1490004380806_7517_33]]></id>
		<rec><![CDATA[41|655|217|398]]></rec>
	</zone>
	<zone rec="38|1057|698|20" id="1244">
		<id><![CDATA[1490004380808_2737_34]]></id>
		<rec><![CDATA[38|1057|698|20]]></rec>
	</zone>
	<zone rec="260|905|477|150" id="1245">
		<id><![CDATA[1490004380811_5290_35]]></id>
		<rec><![CDATA[260|905|477|150]]></rec>
	</zone>
	<zone rec="260|656|238|249" id="1246">
		<id><![CDATA[1490004380813_1573_36]]></id>
		<rec><![CDATA[260|656|238|249]]></rec>
	</zone>
	<zone rec="498|818|193|87" id="1254">
		<id><![CDATA[1490004380813_1573_36]]></id>
		<rec><![CDATA[498|818|193|87]]></rec>
	</zone>
</page>
