<page uid="19">
	<zone rec="39|110|350|487" id="1247">
		<id><![CDATA[1490004380816_4353_37]]></id>
		<rec><![CDATA[39|110|350|487]]></rec>
	</zone>
	<zone rec="390|110|348|487" id="1248">
		<id><![CDATA[1490004380818_4271_38]]></id>
		<rec><![CDATA[390|110|348|487]]></rec>
	</zone>
	<zone rec="39|597|350|427" id="1249">
		<id><![CDATA[1490004380820_1034_39]]></id>
		<rec><![CDATA[39|597|350|427]]></rec>
	</zone>
	<zone rec="390|598|348|458" id="1250">
		<id><![CDATA[1490004380823_2858_40]]></id>
		<rec><![CDATA[390|598|348|458]]></rec>
	</zone>
	<zone rec="40|1058|694|20" id="1251">
		<id><![CDATA[1490004380825_1699_41]]></id>
		<rec><![CDATA[40|1058|694|20]]></rec>
	</zone>
</page>
