<page uid="19">
	<zone rec="39|108|370|718" id="1257">
		<id><![CDATA[1490004930638_307_44]]></id>
		<rec><![CDATA[39|108|370|718]]></rec>
	</zone>
	<zone rec="409|108|330|457" id="1258">
		<id><![CDATA[1490004930641_7836_45]]></id>
		<rec><![CDATA[409|108|330|457]]></rec>
	</zone>
	<zone rec="409|565|330|261" id="1259">
		<id><![CDATA[1490004930643_9878_46]]></id>
		<rec><![CDATA[409|565|330|261]]></rec>
	</zone>
	<zone rec="39|835|701|220" id="1261">
		<id><![CDATA[1490004930646_1396_47]]></id>
		<rec><![CDATA[39|835|701|220]]></rec>
	</zone>
	<zone rec="39|1057|693|20" id="1262">
		<id><![CDATA[1490004930648_1122_48]]></id>
		<rec><![CDATA[39|1057|693|20]]></rec>
	</zone>
</page>
