<page uid="19">
	<zone rec="35|120|223|111" id="1263">
		<id><![CDATA[1490004930651_2643_49]]></id>
		<rec><![CDATA[35|120|223|111]]></rec>
	</zone>
	<zone rec="36|257|287|231" id="1264">
		<id><![CDATA[1490004930653_7051_50]]></id>
		<rec><![CDATA[36|257|287|231]]></rec>
	</zone>
	<zone rec="320|135|419|288" id="1265">
		<id><![CDATA[1490004930655_9995_51]]></id>
		<rec><![CDATA[320|135|419|288]]></rec>
	</zone>
	<zone rec="40|486|283|270" id="1266">
		<id><![CDATA[1490004930658_7714_52]]></id>
		<rec><![CDATA[40|486|283|270]]></rec>
	</zone>
	<zone rec="322|424|417|329" id="1267">
		<id><![CDATA[1490004930660_6850_53]]></id>
		<rec><![CDATA[322|424|417|329]]></rec>
	</zone>
	<zone rec="41|757|698|282" id="1268">
		<id><![CDATA[1490004930663_3077_54]]></id>
		<rec><![CDATA[41|757|698|282]]></rec>
	</zone>
	<zone rec="38|1057|695|22" id="1269">
		<id><![CDATA[1490004930665_8191_55]]></id>
		<rec><![CDATA[38|1057|695|22]]></rec>
	</zone>
</page>
