<page uid="19">
	<zone rec="33|105|565|114" id="1274">
		<id><![CDATA[1490005121268_60_58]]></id>
		<rec><![CDATA[33|105|565|114]]></rec>
	</zone>
	<zone rec="39|219|442|333" id="1275">
		<id><![CDATA[1490005121271_2742_59]]></id>
		<rec><![CDATA[39|219|442|333]]></rec>
	</zone>
	<zone rec="39|1058|695|20" id="1276">
		<id><![CDATA[1490005121273_9857_60]]></id>
		<rec><![CDATA[39|1058|695|20]]></rec>
	</zone>
	<zone rec="39|553|324|497" id="1277">
		<id><![CDATA[1490005121276_1110_61]]></id>
		<rec><![CDATA[39|553|324|497]]></rec>
	</zone>
	<zone rec="486|171|256|417" id="1278">
		<id><![CDATA[1490005121278_8118_62]]></id>
		<rec><![CDATA[486|171|256|417]]></rec>
	</zone>
	<zone rec="364|636|384|335" id="1279">
		<id><![CDATA[1490005121281_4891_63]]></id>
		<rec><![CDATA[364|636|384|335]]></rec>
	</zone>
</page>
