<page uid="19">
	<zone rec="40|112|245|214" id="1280">
		<id><![CDATA[1490005121283_489_64]]></id>
		<rec><![CDATA[40|112|245|214]]></rec>
	</zone>
	<zone rec="291|131|231|263" id="1281">
		<id><![CDATA[1490005121285_9628_65]]></id>
		<rec><![CDATA[291|131|231|263]]></rec>
	</zone>
	<zone rec="524|151|231|518" id="1282">
		<id><![CDATA[1490005121288_5338_66]]></id>
		<rec><![CDATA[524|151|231|518]]></rec>
	</zone>
	<zone rec="293|403|227|347" id="1283">
		<id><![CDATA[1490005121290_1353_67]]></id>
		<rec><![CDATA[293|403|227|347]]></rec>
	</zone>
	<zone rec="40|327|245|428" id="1284">
		<id><![CDATA[1490005121293_9891_68]]></id>
		<rec><![CDATA[40|327|245|428]]></rec>
	</zone>
	<zone rec="48|751|308|265" id="1285">
		<id><![CDATA[1490005121295_4085_69]]></id>
		<rec><![CDATA[48|751|308|265]]></rec>
	</zone>
	<zone rec="375|785|356|222" id="1286">
		<id><![CDATA[1490005121298_6418_70]]></id>
		<rec><![CDATA[375|785|356|222]]></rec>
	</zone>
	<zone rec="39|1057|694|21" id="1287">
		<id><![CDATA[1490005121300_2962_71]]></id>
		<rec><![CDATA[39|1057|694|21]]></rec>
	</zone>
</page>
