<page uid="19">
	<zone rec="35|110|707|311" id="1340">
		<id><![CDATA[1490006097771_5188_109]]></id>
		<rec><![CDATA[35|110|707|311]]></rec>
	</zone>
	<zone rec="35|423|714|300" id="1341">
		<id><![CDATA[1490006097772_098_110]]></id>
		<rec><![CDATA[35|423|714|300]]></rec>
	</zone>
	<zone rec="35|724|714|328" id="1342">
		<id><![CDATA[1490006097774_2073_111]]></id>
		<rec><![CDATA[35|724|714|328]]></rec>
	</zone>
	<zone rec="38|1057|697|22" id="1343">
		<id><![CDATA[1490006097776_1542_112]]></id>
		<rec><![CDATA[38|1057|697|22]]></rec>
	</zone>
</page>
