<page uid="19">
	<zone rec="36|106|707|310" id="1346">
		<id><![CDATA[1490006429410_689_115]]></id>
		<rec><![CDATA[36|106|707|310]]></rec>
	</zone>
	<zone rec="36|416|717|325" id="1347">
		<id><![CDATA[1490006429413_1195_116]]></id>
		<rec><![CDATA[36|416|717|325]]></rec>
	</zone>
	<zone rec="36|741|717|306" id="1348">
		<id><![CDATA[1490006429415_8141_117]]></id>
		<rec><![CDATA[36|741|717|306]]></rec>
	</zone>
	<zone rec="38|1057|696|22" id="1349">
		<id><![CDATA[1490006429418_647_118]]></id>
		<rec><![CDATA[38|1057|696|22]]></rec>
	</zone>
</page>
