<page uid="19">
	<zone rec="38|115|234|113" id="1358">
		<id><![CDATA[1490006785629_9031_127]]></id>
		<rec><![CDATA[38|115|234|113]]></rec>
	</zone>
	<zone rec="41|203|698|206" id="1359">
		<id><![CDATA[1490006785631_1179_128]]></id>
		<rec><![CDATA[41|203|698|206]]></rec>
	</zone>
	<zone rec="41|406|698|189" id="1360">
		<id><![CDATA[1490006785634_3270_129]]></id>
		<rec><![CDATA[41|406|698|189]]></rec>
	</zone>
	<zone rec="41|593|698|193" id="1361">
		<id><![CDATA[1490006785636_8456_130]]></id>
		<rec><![CDATA[41|593|698|193]]></rec>
	</zone>
	<zone rec="41|784|698|257" id="1362">
		<id><![CDATA[1490006785639_850_131]]></id>
		<rec><![CDATA[41|784|698|257]]></rec>
	</zone>
	<zone rec="40|1057|695|24" id="1363">
		<id><![CDATA[1490006785641_1723_132]]></id>
		<rec><![CDATA[40|1057|695|24]]></rec>
	</zone>
</page>
