<page uid="19">
	<zone rec="36|115|241|115" id="1375">
		<id><![CDATA[1490012009398_8928_142]]></id>
		<rec><![CDATA[36|115|241|115]]></rec>
	</zone>
	<zone rec="43|203|695|204" id="1376">
		<id><![CDATA[1490012009400_555_143]]></id>
		<rec><![CDATA[43|203|695|204]]></rec>
	</zone>
	<zone rec="43|406|695|187" id="1377">
		<id><![CDATA[1490012009401_6092_144]]></id>
		<rec><![CDATA[43|406|695|187]]></rec>
	</zone>
	<zone rec="43|592|695|194" id="1378">
		<id><![CDATA[1490012009402_9465_145]]></id>
		<rec><![CDATA[43|592|695|194]]></rec>
	</zone>
	<zone rec="43|784.1|695|256" id="1379">
		<id><![CDATA[1490012009403_175_146]]></id>
		<rec><![CDATA[43|784.1|695|256]]></rec>
	</zone>
	<zone rec="37|1058|698|21" id="1380">
		<id><![CDATA[1490012009405_9612_147]]></id>
		<rec><![CDATA[37|1058|698|21]]></rec>
	</zone>
</page>
