<page uid="19">
	<zone rec="34|97|567|147" id="1367">
		<id><![CDATA[1490012009380_3590_135]]></id>
		<rec><![CDATA[34|97|567|147]]></rec>
	</zone>
	<zone rec="390|207|348|353" id="1368">
		<id><![CDATA[1490012009383_7437_136]]></id>
		<rec><![CDATA[390|207|348|353]]></rec>
	</zone>
	<zone rec="37|226|355|365" id="1369">
		<id><![CDATA[1490012009385_860_137]]></id>
		<rec><![CDATA[37|226|355|365]]></rec>
	</zone>
	<zone rec="30|597|252|462" id="1370">
		<id><![CDATA[1490012009388_1358_138]]></id>
		<rec><![CDATA[30|597|252|462]]></rec>
	</zone>
	<zone rec="267|674|252|355" id="1371">
		<id><![CDATA[1490012009390_6499_139]]></id>
		<rec><![CDATA[267|674|252|355]]></rec>
	</zone>
	<zone rec="508|562|231|465" id="1372">
		<id><![CDATA[1490012009393_3599_140]]></id>
		<rec><![CDATA[508|562|231|465]]></rec>
	</zone>
	<zone rec="40|1058|694|20" id="1373">
		<id><![CDATA[1490012009396_452_141]]></id>
		<rec><![CDATA[40|1058|694|20]]></rec>
	</zone>
</page>
