<page uid="19">
	<zone rec="37|97|702|301" id="1382">
		<id><![CDATA[1490012846554_6957_150]]></id>
		<rec><![CDATA[37|97|702|301]]></rec>
	</zone>
	<zone rec="39|403|699|337" id="1383">
		<id><![CDATA[1490012846557_549_151]]></id>
		<rec><![CDATA[39|403|699|337]]></rec>
	</zone>
	<zone rec="40|746|348|301" id="1384">
		<id><![CDATA[1490012846559_4716_152]]></id>
		<rec><![CDATA[40|746|348|301]]></rec>
	</zone>
	<zone rec="388|746|350|303" id="1385">
		<id><![CDATA[1490012846562_5751_153]]></id>
		<rec><![CDATA[388|746|350|303]]></rec>
	</zone>
	<zone rec="37|1056|696|24" id="1386">
		<id><![CDATA[1490012846565_1262_154]]></id>
		<rec><![CDATA[37|1056|696|24]]></rec>
	</zone>
</page>
