<page uid="19">
	<zone rec="36|113|352|555" id="1387">
		<id><![CDATA[1490012846568_199_155]]></id>
		<rec><![CDATA[36|113|352|555]]></rec>
	</zone>
	<zone rec="389|114|347|555" id="1388">
		<id><![CDATA[1490012846570_3736_156]]></id>
		<rec><![CDATA[389|114|347|555]]></rec>
	</zone>
	<zone rec="37|692|352|347" id="1390">
		<id><![CDATA[1490012846573_2499_157]]></id>
		<rec><![CDATA[37|692|352|347]]></rec>
	</zone>
	<zone rec="389|692|351|347" id="1391">
		<id><![CDATA[1490012846575_2727_158]]></id>
		<rec><![CDATA[389|692|351|347]]></rec>
	</zone>
	<zone rec="36|1056|698|25" id="1392">
		<id><![CDATA[1490012846578_9080_159]]></id>
		<rec><![CDATA[36|1056|698|25]]></rec>
	</zone>
</page>
