<page uid="19">
	<zone rec="30|116|414|116" id="1398">
		<id><![CDATA[1490012892677_7819_165]]></id>
		<rec><![CDATA[30|116|414|116]]></rec>
	</zone>
	<zone rec="37|235|703|314" id="1399">
		<id><![CDATA[1490012892679_9060_166]]></id>
		<rec><![CDATA[37|235|703|314]]></rec>
	</zone>
	<zone rec="153|552|586|206" id="1400">
		<id><![CDATA[1490012892681_562_167]]></id>
		<rec><![CDATA[153|552|586|206]]></rec>
	</zone>
	<zone rec="38|755|702|260" id="1401">
		<id><![CDATA[1490012892683_6786_168]]></id>
		<rec><![CDATA[38|755|702|260]]></rec>
	</zone>
	<zone rec="37|1056|698|24" id="1402">
		<id><![CDATA[1490012892684_9136_169]]></id>
		<rec><![CDATA[37|1056|698|24]]></rec>
	</zone>
</page>
