<page uid="19">
	<zone rec="30|107|708|300" id="1405">
		<id><![CDATA[1490012936544_4512_172]]></id>
		<rec><![CDATA[30|107|708|300]]></rec>
	</zone>
	<zone rec="36|417|703|308" id="1406">
		<id><![CDATA[1490012936547_245_173]]></id>
		<rec><![CDATA[36|417|703|308]]></rec>
	</zone>
	<zone rec="35|753|695|295" id="1407">
		<id><![CDATA[1490012936549_4496_174]]></id>
		<rec><![CDATA[35|753|695|295]]></rec>
	</zone>
	<zone rec="38|1056|696|23" id="1408">
		<id><![CDATA[1490012936551_6369_175]]></id>
		<rec><![CDATA[38|1056|696|23]]></rec>
	</zone>
</page>
