<page uid="19">
	<zone rec="35|107|705|335" id="1410">
		<id><![CDATA[1490012936553_3765_176]]></id>
		<rec><![CDATA[35|107|705|335]]></rec>
	</zone>
	<zone rec="36|450|675|304" id="1411">
		<id><![CDATA[1490012936556_479_177]]></id>
		<rec><![CDATA[36|450|675|304]]></rec>
	</zone>
	<zone rec="36|754|701|301" id="1412">
		<id><![CDATA[1490012936558_9659_178]]></id>
		<rec><![CDATA[36|754|701|301]]></rec>
	</zone>
	<zone rec="38|1056|698|23" id="1413">
		<id><![CDATA[1490012936560_5477_179]]></id>
		<rec><![CDATA[38|1056|698|23]]></rec>
	</zone>
</page>
