<page uid="19">
	<zone rec="36|100|704|280" id="1416">
		<id><![CDATA[1490013346906_2638_182]]></id>
		<rec><![CDATA[36|100|704|280]]></rec>
	</zone>
	<zone rec="36|382|336|221" id="1417">
		<id><![CDATA[1490013346910_1612_183]]></id>
		<rec><![CDATA[36|382|336|221]]></rec>
	</zone>
	<zone rec="376|388|366|266" id="1418">
		<id><![CDATA[1490013346912_1011_184]]></id>
		<rec><![CDATA[376|388|366|266]]></rec>
	</zone>
	<zone rec="36|661|325|368" id="1419">
		<id><![CDATA[1490013346915_2054_185]]></id>
		<rec><![CDATA[36|661|325|368]]></rec>
	</zone>
	<zone rec="355|650|384|375" id="1420">
		<id><![CDATA[1490013346917_3996_186]]></id>
		<rec><![CDATA[355|650|384|375]]></rec>
	</zone>
	<zone rec="38|1057|697|21" id="1425">
		<id><![CDATA[1490013346927_4057_190]]></id>
		<rec><![CDATA[38|1057|697|21]]></rec>
	</zone>
</page>
