<page uid="19">
	<zone rec="36|111|702|308" id="1422">
		<id><![CDATA[1490013346920_4587_187]]></id>
		<rec><![CDATA[36|111|702|308]]></rec>
	</zone>
	<zone rec="33|423|716|345" id="1423">
		<id><![CDATA[1490013346922_191_188]]></id>
		<rec><![CDATA[33|423|716|345]]></rec>
	</zone>
	<zone rec="34|770|707|278" id="1424">
		<id><![CDATA[1490013346925_5168_189]]></id>
		<rec><![CDATA[34|770|707|278]]></rec>
	</zone>
	<zone rec="37|1057|698|22" id="1427">
		<id><![CDATA[1490013346930_484_191]]></id>
		<rec><![CDATA[37|1057|698|22]]></rec>
	</zone>
</page>
