<page uid="19">
	<zone rec="48|106|533|127" id="1431">
		<id><![CDATA[1490013476161_4267_194]]></id>
		<rec><![CDATA[48|106|533|127]]></rec>
	</zone>
	<zone ratiozoom="195" ratioZoom="195" dcp="767|189" rec="41|245|302|190" id="1432">
		<id><![CDATA[1490013476163_278_195]]></id>
		<rec dcp="767|189"><![CDATA[41|245|302|190]]></rec>
	</zone>
	<zone ratiozoom="195" ratioZoom="195" dcp="655|737" rec="68|435|132|371" id="1447">
		<id><![CDATA[1490013476163_278_195]]></id>
		<rec dcp="655|737"><![CDATA[68|435|132|371]]></rec>
	</zone>
	<zone ratiozoom="174" ratioZoom="174" dcp="711|217" rec="316|192|394|245" id="1433">
		<id><![CDATA[1490013476166_6721_196]]></id>
		<rec dcp="711|217"><![CDATA[316|192|394|245]]></rec>
	</zone>
	<zone ratiozoom="174" ratioZoom="174" dcp="665|764" rec="421|437|128|382" id="1448">
		<id><![CDATA[1490013476166_6721_196]]></id>
		<rec dcp="665|764"><![CDATA[421|437|128|382]]></rec>
	</zone>
	<zone ratiozoom="195" ratioZoom="195" dcp="721|902" rec="451|832|274|202" id="1437">
		<id><![CDATA[1490013476173_4713_199]]></id>
		<rec dcp="721|902"><![CDATA[451|832|274|202]]></rec>
	</zone>
	<zone ratiozoom="195" ratioZoom="195" dcp="821|354" rec="554|474|171|358" id="1449">
		<id><![CDATA[1490013476173_4713_199]]></id>
		<rec dcp="821|354"><![CDATA[554|474|171|358]]></rec>
	</zone>
	<zone rec="40|1057|694|22" id="1438">
		<id><![CDATA[1490013476175_7580_200]]></id>
		<rec><![CDATA[40|1057|694|22]]></rec>
	</zone>
	<zone ratiozoom="195" ratioZoom="195" dcp="680|879" rec="62|821|335|221" id="1436">
		<id><![CDATA[1490013483016_9023_207]]></id>
		<rec dcp="680|879"><![CDATA[62|821|335|221]]></rec>
	</zone>
	<zone ratiozoom="195" ratioZoom="195" dcp="810|335" rec="198|485|199|336" id="1435">
		<id><![CDATA[1490013483016_9023_207]]></id>
		<rec dcp="810|335"><![CDATA[198|485|199|336]]></rec>
	</zone>
</page>
