<page uid="19">
	<zone rec="47|106|532|128" id="1439">
		<id><![CDATA[1490013476177_3358_201]]></id>
		<rec><![CDATA[47|106|532|128]]></rec>
	</zone>
	<zone ratiozoom="190" ratioZoom="190" dcp="6|199" rec="43|241|296|190" id="1440">
		<id><![CDATA[1490013476179_2028_202]]></id>
		<rec dcp="6|199"><![CDATA[43|241|296|190]]></rec>
	</zone>
	<zone ratiozoom="190" ratioZoom="190" dcp="-121|732" rec="43|431|162|371" id="1450">
		<id><![CDATA[1490013476179_2028_202]]></id>
		<rec dcp="-121|732"><![CDATA[43|431|162|371]]></rec>
	</zone>
	<zone ratiozoom="195" ratioZoom="195" dcp="16|876" rec="70|826|335|221" id="1441">
		<id><![CDATA[1490013476182_283_203]]></id>
		<rec dcp="16|876"><![CDATA[70|826|335|221]]></rec>
	</zone>
	<zone ratiozoom="195" ratioZoom="195" dcp="144|344" rec="201|503|204|323" id="1452">
		<id><![CDATA[1490013476182_283_203]]></id>
		<rec dcp="144|344"><![CDATA[201|503|204|323]]></rec>
	</zone>
	<zone rec="38|1055|698|26" id="1442">
		<id><![CDATA[1490013476184_191_204]]></id>
		<rec><![CDATA[38|1055|698|26]]></rec>
	</zone>
	<zone ratiozoom="190" ratioZoom="190" dcp="-18|892" rec="447|826|280|207" id="1443">
		<id><![CDATA[1490013476186_633_205]]></id>
		<rec dcp="-18|892"><![CDATA[447|826|280|207]]></rec>
	</zone>
	<zone ratiozoom="190" ratioZoom="190" dcp="80|357" rec="551|470|175|356" id="1453">
		<id><![CDATA[1490013476186_633_205]]></id>
		<rec dcp="80|357"><![CDATA[551|470|175|356]]></rec>
	</zone>
	<zone ratiozoom="174" ratioZoom="174" dcp="5|216" rec="303|192|364|241" id="1444">
		<id><![CDATA[1490013476188_7380_206]]></id>
		<rec dcp="5|216"><![CDATA[303|192|364|241]]></rec>
	</zone>
	<zone ratiozoom="174" ratioZoom="174" dcp="0|761" rec="416|433|133|385" id="1451">
		<id><![CDATA[1490013476188_7380_206]]></id>
		<rec dcp="0|761"><![CDATA[416|433|133|385]]></rec>
	</zone>
</page>
