<page uid="19">
	<zone rec="36|128|175|640" id="1455">
		<id><![CDATA[1490014172095_781_210]]></id>
		<rec><![CDATA[36|128|175|640]]></rec>
	</zone>
	<zone rec="42|768|169|270" id="1470">
		<id><![CDATA[1490014172095_781_210]]></id>
		<rec><![CDATA[42|768|169|270]]></rec>
	</zone>
	<zone rec="212|128|176|637" id="1456">
		<id><![CDATA[1490014172098_3618_211]]></id>
		<rec><![CDATA[212|128|176|637]]></rec>
	</zone>
	<zone rec="212|766|176|272" id="1471">
		<id><![CDATA[1490014172098_3618_211]]></id>
		<rec><![CDATA[212|766|176|272]]></rec>
	</zone>
	<zone rec="385|128|182|634" id="1457">
		<id><![CDATA[1490014172100_6783_212]]></id>
		<rec><![CDATA[385|128|182|634]]></rec>
	</zone>
	<zone rec="392|764|172|277" id="1472">
		<id><![CDATA[1490014172100_6783_212]]></id>
		<rec><![CDATA[392|764|172|277]]></rec>
	</zone>
	<zone rec="561|128|204|619" id="1458">
		<id><![CDATA[1490014172102_1353_213]]></id>
		<rec><![CDATA[561|128|204|619]]></rec>
	</zone>
	<zone rec="564|762|174|244" id="1473">
		<id><![CDATA[1490014172102_1353_213]]></id>
		<rec><![CDATA[564|762|174|244]]></rec>
	</zone>
	<zone rec="40|1057|692|21" id="1459">
		<id><![CDATA[1490014172105_2534_214]]></id>
		<rec><![CDATA[40|1057|692|21]]></rec>
	</zone>
</page>
