<page uid="19">
	<zone rec="38|1058|696|20" id="1462">
		<id><![CDATA[1490014172107_3127_215]]></id>
		<rec><![CDATA[38|1058|696|20]]></rec>
	</zone>
	<zone rec="387|100|370|670" id="1464">
		<id><![CDATA[1490014172109_1290_216]]></id>
		<rec><![CDATA[387|100|370|670]]></rec>
	</zone>
	<zone rec="393|773|340|274" id="1474">
		<id><![CDATA[1490014172109_1290_216]]></id>
		<rec><![CDATA[393|773|340|274]]></rec>
	</zone>
	<zone rec="34|101|355|469" id="1465">
		<id><![CDATA[1490014172111_9657_217]]></id>
		<rec><![CDATA[34|101|355|469]]></rec>
	</zone>
	<zone rec="36|586|353|469" id="1466">
		<id><![CDATA[1490014172114_851_218]]></id>
		<rec><![CDATA[36|586|353|469]]></rec>
	</zone>
</page>
