<page uid="19">
	<zone rec="39|127|233|635" id="1476">
		<id><![CDATA[1490014331853_5786_221]]></id>
		<rec><![CDATA[39|127|233|635]]></rec>
	</zone>
	<zone rec="41|764|231|199" id="1486">
		<id><![CDATA[1490014331853_5786_221]]></id>
		<rec><![CDATA[41|764|231|199]]></rec>
	</zone>
	<zone rec="271|127|234|666" id="1477">
		<id><![CDATA[1490014331856_973_222]]></id>
		<rec><![CDATA[271|127|234|666]]></rec>
	</zone>
	<zone rec="274|794|231|169" id="1487">
		<id><![CDATA[1490014331856_973_222]]></id>
		<rec><![CDATA[274|794|231|169]]></rec>
	</zone>
	<zone rec="506|127|233|635" id="1478">
		<id><![CDATA[1490014331861_5448_223]]></id>
		<rec><![CDATA[506|127|233|635]]></rec>
	</zone>
	<zone rec="508|764|231|200" id="1488">
		<id><![CDATA[1490014331861_5448_223]]></id>
		<rec><![CDATA[508|764|231|200]]></rec>
	</zone>
	<zone rec="37|1057|698|22" id="1479">
		<id><![CDATA[1490014331863_5994_224]]></id>
		<rec><![CDATA[37|1057|698|22]]></rec>
	</zone>
</page>
