<page uid="19">
	<zone rec="28|101|253|733" id="1503">
		<id><![CDATA[1490014450092_00_246]]></id>
		<rec><![CDATA[28|101|253|733]]></rec>
	</zone>
	<zone rec="36|835|236|204" id="1514">
		<id><![CDATA[1490014450092_00_246]]></id>
		<rec><![CDATA[36|835|236|204]]></rec>
	</zone>
	<zone rec="226|148|283|633" id="1504">
		<id><![CDATA[1490014450094_2682_247]]></id>
		<rec><![CDATA[226|148|283|633]]></rec>
	</zone>
	<zone rec="274|831|201|171" id="1515">
		<id><![CDATA[1490014450094_2682_247]]></id>
		<rec><![CDATA[274|831|201|171]]></rec>
	</zone>
	<zone rec="367|246|402|589" id="1505">
		<id><![CDATA[1490014450096_682_248]]></id>
		<rec><![CDATA[367|246|402|589]]></rec>
	</zone>
	<zone rec="474|835|263|201" id="1516">
		<id><![CDATA[1490014450096_682_248]]></id>
		<rec><![CDATA[474|835|263|201]]></rec>
	</zone>
	<zone rec="39|1056|697|22" id="1506">
		<id><![CDATA[1490014450098_8079_249]]></id>
		<rec><![CDATA[39|1056|697|22]]></rec>
	</zone>
</page>
