<page uid="19">
	<zone rec="34|113|206|72" id="1507">
		<id><![CDATA[1490014450100_1855_250]]></id>
		<rec><![CDATA[34|113|206|72]]></rec>
	</zone>
	<zone multiZoom="0" multizoom="0" rec="39|191|229|411" id="1508">
		<id><![CDATA[1490014450102_3372_251]]></id>
		<rec><![CDATA[39|191|229|411]]></rec>
	</zone>
	<zone multiZoom="0" multizoom="0" rec="29|602|239|402" id="1517">
		<id><![CDATA[1490014450102_3372_251]]></id>
		<rec><![CDATA[29|602|239|402]]></rec>
	</zone>
	<zone multiZoom="0" multizoom="0" rec="268|174|238|428" id="1509">
		<id><![CDATA[1490014450104_6320_252]]></id>
		<rec><![CDATA[268|174|238|428]]></rec>
	</zone>
	<zone multiZoom="0" multizoom="0" rec="268|602|238|406" id="1518">
		<id><![CDATA[1490014450104_6320_252]]></id>
		<rec><![CDATA[268|602|238|406]]></rec>
	</zone>
	<zone multiZoom="0" multizoom="0" rec="496|174|243|430" id="1510">
		<id><![CDATA[1490014450106_5070_253]]></id>
		<rec><![CDATA[496|174|243|430]]></rec>
	</zone>
	<zone multiZoom="0" multizoom="0" rec="496|605|263|384" id="1519">
		<id><![CDATA[1490014450106_5070_253]]></id>
		<rec><![CDATA[496|605|263|384]]></rec>
	</zone>
	<zone rec="38|1057|698|22" id="1512">
		<id><![CDATA[1490014450108_2415_254]]></id>
		<rec><![CDATA[38|1057|698|22]]></rec>
	</zone>
</page>
