<page uid="19">
	<zone rec="38|102|234|668" id="1520">
		<id><![CDATA[1490014624722_6330_257]]></id>
		<rec><![CDATA[38|102|234|668]]></rec>
	</zone>
	<zone rec="38|770|234|265" id="1529">
		<id><![CDATA[1490014624722_6330_257]]></id>
		<rec><![CDATA[38|770|234|265]]></rec>
	</zone>
	<zone rec="271|99.9|235|670" id="1521">
		<id><![CDATA[1490014624724_8526_258]]></id>
		<rec><![CDATA[271|99.9|235|670]]></rec>
	</zone>
	<zone rec="271|771|235|267" id="1530">
		<id><![CDATA[1490014624724_8526_258]]></id>
		<rec><![CDATA[271|771|235|267]]></rec>
	</zone>
	<zone rec="505|101|233|670" id="1522">
		<id><![CDATA[1490014624727_5114_259]]></id>
		<rec><![CDATA[505|101|233|670]]></rec>
	</zone>
	<zone rec="505|771|233|264" id="1531">
		<id><![CDATA[1490014624727_5114_259]]></id>
		<rec><![CDATA[505|771|233|264]]></rec>
	</zone>
	<zone rec="40|1057|694|21" id="1524">
		<id><![CDATA[1490014624729_4079_260]]></id>
		<rec><![CDATA[40|1057|694|21]]></rec>
	</zone>
</page>
