<page uid="19">
	<zone rec="41|115|347|708" id="1539">
		<id><![CDATA[1490014710600_947_268]]></id>
		<rec><![CDATA[41|115|347|708]]></rec>
	</zone>
	<zone rec="41|823|347|201" id="1543">
		<id><![CDATA[1490014710600_947_268]]></id>
		<rec><![CDATA[41|823|347|201]]></rec>
	</zone>
	<zone rec="391|113|346|709" id="1540">
		<id><![CDATA[1490014710602_5417_269]]></id>
		<rec><![CDATA[391|113|346|709]]></rec>
	</zone>
	<zone rec="390|822|347|205" id="1544">
		<id><![CDATA[1490014710602_5417_269]]></id>
		<rec><![CDATA[390|822|347|205]]></rec>
	</zone>
	<zone rec="39|1057|695|21" id="1541">
		<id><![CDATA[1490014710605_2270_270]]></id>
		<rec><![CDATA[39|1057|695|21]]></rec>
	</zone>
</page>
