<page uid="19">
	<zone rec="38|113|467|675" id="1547">
		<id><![CDATA[1490014781040_3487_274]]></id>
		<rec><![CDATA[38|113|467|675]]></rec>
	</zone>
	<zone rec="38|788|466|228" id="1561">
		<id><![CDATA[1490014781040_3487_274]]></id>
		<rec><![CDATA[38|788|466|228]]></rec>
	</zone>
	<zone rec="507|113|232|674" id="1548">
		<id><![CDATA[1490014781042_7647_275]]></id>
		<rec><![CDATA[507|113|232|674]]></rec>
	</zone>
	<zone rec="507|787|232|229" id="1560">
		<id><![CDATA[1490014781042_7647_275]]></id>
		<rec><![CDATA[507|787|232|229]]></rec>
	</zone>
	<zone rec="38|1058|696|20" id="1549">
		<id><![CDATA[1490014781044_951_276]]></id>
		<rec><![CDATA[38|1058|696|20]]></rec>
	</zone>
</page>
