<page uid="19">
	<zone rec="39|584|196|466" id="1550">
		<id><![CDATA[1490014781046_256_277]]></id>
		<rec><![CDATA[39|584|196|466]]></rec>
	</zone>
	<zone rec="236|582|255|222" id="1565">
		<id><![CDATA[1490014781046_256_277]]></id>
		<rec><![CDATA[236|582|255|222]]></rec>
	</zone>
	<zone rec="38|1058|696|21" id="1551">
		<id><![CDATA[1490014781049_699_278]]></id>
		<rec><![CDATA[38|1058|696|21]]></rec>
	</zone>
	<zone rec="39|114|196|467" id="1553">
		<id><![CDATA[1490014781051_498_279]]></id>
		<rec><![CDATA[39|114|196|467]]></rec>
	</zone>
	<zone rec="236|114|262|201" id="1563">
		<id><![CDATA[1490014781051_498_279]]></id>
		<rec><![CDATA[236|114|262|201]]></rec>
	</zone>
	<zone rec="270|364|273|220" id="1555">
		<id><![CDATA[1490014781053_7091_280]]></id>
		<rec><![CDATA[270|364|273|220]]></rec>
	</zone>
	<zone rec="544|113|195|471" id="1564">
		<id><![CDATA[1490014781053_7091_280]]></id>
		<rec><![CDATA[544|113|195|471]]></rec>
	</zone>
	<zone rec="309|807|235|246" id="1556">
		<id><![CDATA[1490014781055_9915_281]]></id>
		<rec><![CDATA[309|807|235|246]]></rec>
	</zone>
	<zone rec="544|585|197|468" id="1566">
		<id><![CDATA[1490014781055_9915_281]]></id>
		<rec><![CDATA[544|585|197|468]]></rec>
	</zone>
</page>
