<page uid="19">
	<zone rec="72|104|290|481" id="1568">
		<id><![CDATA[1490014911501_9054_284]]></id>
		<rec><![CDATA[72|104|290|481]]></rec>
	</zone>
	<zone rec="368|105|365|479" id="1569">
		<id><![CDATA[1490014911503_6019_285]]></id>
		<rec><![CDATA[368|105|365|479]]></rec>
	</zone>
	<zone rec="35|590|246|446" id="1570">
		<id><![CDATA[1490014911504_681_286]]></id>
		<rec><![CDATA[35|590|246|446]]></rec>
	</zone>
	<zone rec="288|563|209|481" id="1571">
		<id><![CDATA[1490014911506_2366_287]]></id>
		<rec><![CDATA[288|563|209|481]]></rec>
	</zone>
	<zone rec="491|586|254|458" id="1572">
		<id><![CDATA[1490014911507_3347_288]]></id>
		<rec><![CDATA[491|586|254|458]]></rec>
	</zone>
	<zone rec="37|1056|697|23" id="1573">
		<id><![CDATA[1490014911508_1946_289]]></id>
		<rec><![CDATA[37|1056|697|23]]></rec>
	</zone>
</page>
