<page uid="19">
	<zone rec="40|116|350|724" id="1574">
		<id><![CDATA[1490014911509_6025_290]]></id>
		<rec><![CDATA[40|116|350|724]]></rec>
	</zone>
	<zone rec="40|840|350|192" id="1578">
		<id><![CDATA[1490014911509_6025_290]]></id>
		<rec><![CDATA[40|840|350|192]]></rec>
	</zone>
	<zone rec="399|113|345|723" id="1575">
		<id><![CDATA[1490014911510_5216_291]]></id>
		<rec><![CDATA[399|113|345|723]]></rec>
	</zone>
	<zone rec="390|836|354|197" id="1579">
		<id><![CDATA[1490014911510_5216_291]]></id>
		<rec><![CDATA[390|836|354|197]]></rec>
	</zone>
	<zone rec="38|1056|697|22" id="1576">
		<id><![CDATA[1490014911511_9484_292]]></id>
		<rec><![CDATA[38|1056|697|22]]></rec>
	</zone>
</page>
