<page uid="19">
	<zone rec="37|97|474|87" id="1581">
		<id><![CDATA[1490014985617_6891_295]]></id>
		<rec><![CDATA[37|97|474|87]]></rec>
	</zone>
	<zone rec="38|187|234|663" id="1582">
		<id><![CDATA[1490014985618_47_296]]></id>
		<rec><![CDATA[38|187|234|663]]></rec>
	</zone>
	<zone rec="272|187|234|663" id="1583">
		<id><![CDATA[1490014985620_451_297]]></id>
		<rec><![CDATA[272|187|234|663]]></rec>
	</zone>
	<zone rec="505|119|235|495" id="1584">
		<id><![CDATA[1490014985621_172_298]]></id>
		<rec><![CDATA[505|119|235|495]]></rec>
	</zone>
	<zone rec="507|612|233|236" id="1585">
		<id><![CDATA[1490014985622_288_299]]></id>
		<rec><![CDATA[507|612|233|236]]></rec>
	</zone>
	<zone rec="41|871|701|169" id="1586">
		<id><![CDATA[1490014985624_8451_300]]></id>
		<rec><![CDATA[41|871|701|169]]></rec>
	</zone>
	<zone rec="37|1058|698|21" id="1587">
		<id><![CDATA[1490014985625_6068_301]]></id>
		<rec><![CDATA[37|1058|698|21]]></rec>
	</zone>
</page>
