<page uid="19">
	<zone rec="37|110|354|471" id="1588">
		<id><![CDATA[1490014985627_920_302]]></id>
		<rec><![CDATA[37|110|354|471]]></rec>
	</zone>
	<zone rec="391|110|347|471" id="1589">
		<id><![CDATA[1490014985628_2681_303]]></id>
		<rec><![CDATA[391|110|347|471]]></rec>
	</zone>
	<zone rec="37|584|704|467" id="1590">
		<id><![CDATA[1490014985629_5056_304]]></id>
		<rec><![CDATA[37|584|704|467]]></rec>
	</zone>
	<zone rec="36|1056|699|23" id="1591">
		<id><![CDATA[1490014985631_8167_305]]></id>
		<rec><![CDATA[36|1056|699|23]]></rec>
	</zone>
</page>
