<page uid="19">
	<zone rec="38|120|314|647" id="1594">
		<id><![CDATA[1490015084853_9517_308]]></id>
		<rec><![CDATA[38|120|314|647]]></rec>
	</zone>
	<zone rec="38|767|314|232" id="1610">
		<id><![CDATA[1490015084853_9517_308]]></id>
		<rec><![CDATA[38|767|314|232]]></rec>
	</zone>
	<zone rec="354|118|388|519" id="1595">
		<id><![CDATA[1490015084856_632_309]]></id>
		<rec><![CDATA[354|118|388|519]]></rec>
	</zone>
	<zone rec="354|635|388|418" id="1596">
		<id><![CDATA[1490015084858_9763_310]]></id>
		<rec><![CDATA[354|635|388|418]]></rec>
	</zone>
	<zone rec="38|1058|697|21" id="1597">
		<id><![CDATA[1490015084861_8761_311]]></id>
		<rec><![CDATA[38|1058|697|21]]></rec>
	</zone>
</page>
