<page uid="19">
	<zone rec="27|115|192|632" id="1599">
		<id><![CDATA[1490015084863_8039_312]]></id>
		<rec><![CDATA[27|115|192|632]]></rec>
	</zone>
	<zone rec="47|748|161|166" id="1605">
		<id><![CDATA[1490015084863_8039_312]]></id>
		<rec><![CDATA[47|748|161|166]]></rec>
	</zone>
	<zone rec="216|115|173|626" id="1600">
		<id><![CDATA[1490015084866_6417_313]]></id>
		<rec><![CDATA[216|115|173|626]]></rec>
	</zone>
	<zone rec="216|743|170|224" id="1606">
		<id><![CDATA[1490015084866_6417_313]]></id>
		<rec><![CDATA[216|743|170|224]]></rec>
	</zone>
	<zone rec="385|115|190|629" id="1601">
		<id><![CDATA[1490015084868_5657_314]]></id>
		<rec><![CDATA[385|115|190|629]]></rec>
	</zone>
	<zone rec="393|746|168|238" id="1607">
		<id><![CDATA[1490015084868_5657_314]]></id>
		<rec><![CDATA[393|746|168|238]]></rec>
	</zone>
	<zone rec="565|115|174|625" id="1602">
		<id><![CDATA[1490015084870_5898_315]]></id>
		<rec><![CDATA[565|115|174|625]]></rec>
	</zone>
	<zone rec="562|745|176|262" id="1608">
		<id><![CDATA[1490015084870_5898_315]]></id>
		<rec><![CDATA[562|745|176|262]]></rec>
	</zone>
	<zone rec="39|1057|695|22" id="1603">
		<id><![CDATA[1490015084872_2366_316]]></id>
		<rec><![CDATA[39|1057|695|22]]></rec>
	</zone>
</page>
