<page uid="19">
	<zone rec="37|97|353|472" id="1611">
		<id><![CDATA[1490015192466_882_319]]></id>
		<rec><![CDATA[37|97|353|472]]></rec>
	</zone>
	<zone rec="37|569|353|466" id="1612">
		<id><![CDATA[1490015192469_4515_320]]></id>
		<rec><![CDATA[37|569|353|466]]></rec>
	</zone>
	<zone rec="390|97|351|474" id="1613">
		<id><![CDATA[1490015192472_4146_321]]></id>
		<rec><![CDATA[390|97|351|474]]></rec>
	</zone>
	<zone rec="390|568|351|467" id="1614">
		<id><![CDATA[1490015192474_6247_322]]></id>
		<rec><![CDATA[390|568|351|467]]></rec>
	</zone>
	<zone rec="38|1057|696|22" id="1615">
		<id><![CDATA[1490015192477_4695_323]]></id>
		<rec><![CDATA[38|1057|696|22]]></rec>
	</zone>
</page>
