<page uid="19">
	<zone rec="413|125|327|304" id="1625">
		<id><![CDATA[1490015342208_48_329]]></id>
		<rec><![CDATA[413|125|327|304]]></rec>
	</zone>
	<zone rec="413|426|327|300" id="1626">
		<id><![CDATA[1490015342211_5242_330]]></id>
		<rec><![CDATA[413|426|327|300]]></rec>
	</zone>
	<zone rec="413|723|327|261" id="1627">
		<id><![CDATA[1490015342213_7472_331]]></id>
		<rec><![CDATA[413|723|327|261]]></rec>
	</zone>
	<zone rec="38|125|377|733" id="1628">
		<id><![CDATA[1490015342215_3963_332]]></id>
		<rec><![CDATA[38|125|377|733]]></rec>
	</zone>
	<zone rec="38|858|377|122" id="1639">
		<id><![CDATA[1490015342215_3963_332]]></id>
		<rec><![CDATA[38|858|377|122]]></rec>
	</zone>
	<zone rec="40|1057|694|23" id="1629">
		<id><![CDATA[1490015342218_6034_333]]></id>
		<rec><![CDATA[40|1057|694|23]]></rec>
	</zone>
</page>
