<page uid="19">
	<zone rec="38|100|352|488" id="1631">
		<id><![CDATA[1490015342220_5947_334]]></id>
		<rec><![CDATA[38|100|352|488]]></rec>
	</zone>
	<zone rec="390|100|350|488" id="1632">
		<id><![CDATA[1490015342222_3142_335]]></id>
		<rec><![CDATA[390|100|350|488]]></rec>
	</zone>
	<zone rec="38|589|352|469" id="1633">
		<id><![CDATA[1490015342225_3567_336]]></id>
		<rec><![CDATA[38|589|352|469]]></rec>
	</zone>
	<zone rec="390|588|350|472" id="1636">
		<id><![CDATA[1490015342227_8767_337]]></id>
		<rec><![CDATA[390|588|350|472]]></rec>
	</zone>
	<zone rec="39|1059|696|20" id="1637">
		<id><![CDATA[1490015342230_436_338]]></id>
		<rec><![CDATA[39|1059|696|20]]></rec>
	</zone>
</page>
