<page uid="17">
	<zone id="3" rec="35|1055|703|25">
		<id><![CDATA[1489746173977_587_8]]></id>
		<rec><![CDATA[35|1055|703|25]]></rec>
	</zone>
	<zone id="4" rec="35|815|613|222">
		<id><![CDATA[1489746173978_2783_9]]></id>
		<rec><![CDATA[35|815|613|222]]></rec>
	</zone>
	<zone id="5" rec="35|437|713|370">
		<id><![CDATA[1489746173981_2554_10]]></id>
		<rec><![CDATA[35|437|713|370]]></rec>
	</zone>
	<zone id="6" rec="35|111|723|329">
		<id><![CDATA[1489746173983_9521_11]]></id>
		<rec><![CDATA[35|111|723|329]]></rec>
	</zone>
</page>
