<page uid="17">
	<zone id="17" rec="40|112|350|464">
		<id><![CDATA[1489746371513_9075_23]]></id>
		<rec><![CDATA[40|112|350|464]]></rec>
	</zone>
	<zone id="18" rec="387|112|350|464">
		<id><![CDATA[1489746371515_8554_24]]></id>
		<rec><![CDATA[387|112|350|464]]></rec>
	</zone>
	<zone id="19" rec="34|585|710|459">
		<id><![CDATA[1489746371516_904_25]]></id>
		<rec><![CDATA[34|585|710|459]]></rec>
	</zone>
	<zone id="24" rec="37|1053|697|29">
		<id><![CDATA[1489746371522_1469_30]]></id>
		<rec><![CDATA[37|1053|697|29]]></rec>
	</zone>
</page>
