<page uid="17">
	<zone id="25" rec="31|1054|709|28">
		<id><![CDATA[1489746371524_184_31]]></id>
		<rec><![CDATA[31|1054|709|28]]></rec>
	</zone>
	<zone id="20" rec="46|121|338|553">
		<id><![CDATA[1489746373737_7473_32]]></id>
		<rec><![CDATA[46|121|338|553]]></rec>
	</zone>
	<zone id="21" rec="388|110|288|239">
		<id><![CDATA[1489746373737_7473_32]]></id>
		<rec><![CDATA[388|110|288|239]]></rec>
	</zone>
	<zone id="22" rec="104|820|287|225">
		<id><![CDATA[1489746375464_696_33]]></id>
		<rec><![CDATA[104|820|287|225]]></rec>
	</zone>
	<zone id="23" rec="396|448|336|589">
		<id><![CDATA[1489746375464_696_33]]></id>
		<rec><![CDATA[396|448|336|589]]></rec>
	</zone>
</page>
