<page uid="17">
	<zone id="31" rec="32|1053|704|30">
		<id><![CDATA[1489746470750_794_40]]></id>
		<rec><![CDATA[32|1053|704|30]]></rec>
	</zone>
	<zone id="27" rec="126|110|264|220">
		<id><![CDATA[1489746472305_6126_44]]></id>
		<rec><![CDATA[126|110|264|220]]></rec>
	</zone>
	<zone id="28" rec="397|121|335|536">
		<id><![CDATA[1489746472305_6126_44]]></id>
		<rec><![CDATA[397|121|335|536]]></rec>
	</zone>
	<zone id="29" rec="47|430|335|606">
		<id><![CDATA[1489746474256_249_45]]></id>
		<rec><![CDATA[47|430|335|606]]></rec>
	</zone>
	<zone id="30" rec="390|822|264|222">
		<id><![CDATA[1489746474256_249_45]]></id>
		<rec><![CDATA[390|822|264|222]]></rec>
	</zone>
</page>
