<page uid="17">
	<zone id="36" rec="38|111|704|465">
		<id><![CDATA[1489746559623_5433_48]]></id>
		<rec><![CDATA[38|111|704|465]]></rec>
	</zone>
	<zone id="37" rec="461|652|281|394">
		<id><![CDATA[1489746559627_214_49]]></id>
		<rec><![CDATA[461|652|281|394]]></rec>
	</zone>
	<zone id="39" rec="38|576|426|470">
		<id><![CDATA[1489746559629_781_50]]></id>
		<rec><![CDATA[38|576|426|470]]></rec>
	</zone>
	<zone id="40" rec="32|1055|706|28">
		<id><![CDATA[1489746559631_983_51]]></id>
		<rec><![CDATA[32|1055|706|28]]></rec>
	</zone>
</page>
