<page uid="17">
	<zone id="41" rec="32|1054|706|28">
		<id><![CDATA[1489746559633_284_52]]></id>
		<rec><![CDATA[32|1054|706|28]]></rec>
	</zone>
	<zone id="42" rec="37|715|706|327">
		<id><![CDATA[1489746559635_5085_53]]></id>
		<rec><![CDATA[37|715|706|327]]></rec>
	</zone>
	<zone id="43" rec="38|497|705|201">
		<id><![CDATA[1489746559637_5722_54]]></id>
		<rec><![CDATA[38|497|705|201]]></rec>
	</zone>
	<zone id="44" rec="37|106|354|381">
		<id><![CDATA[1489746559638_823_55]]></id>
		<rec><![CDATA[37|106|354|381]]></rec>
	</zone>
	<zone id="45" rec="389|106|352|381">
		<id><![CDATA[1489746559639_247_56]]></id>
		<rec><![CDATA[389|106|352|381]]></rec>
	</zone>
</page>
