<page uid="17">
	<zone id="60" rec="35|1054|702|30">
		<id><![CDATA[1489746702413_8120_71]]></id>
		<rec><![CDATA[35|1054|702|30]]></rec>
	</zone>
	<zone id="47" rec="39|109|233|527">
		<id><![CDATA[1489746704231_1279_73]]></id>
		<rec><![CDATA[39|109|233|527]]></rec>
	</zone>
	<zone id="54" rec="39|637|233|395">
		<id><![CDATA[1489746704231_1279_73]]></id>
		<rec><![CDATA[39|637|233|395]]></rec>
	</zone>
	<zone id="48" rec="277|109|223|528">
		<id><![CDATA[1489746705623_8330_74]]></id>
		<rec><![CDATA[277|109|223|528]]></rec>
	</zone>
	<zone id="55" rec="277|637|223|395">
		<id><![CDATA[1489746705623_8330_74]]></id>
		<rec><![CDATA[277|637|223|395]]></rec>
	</zone>
	<zone id="49" rec="505|109|233|528">
		<id><![CDATA[1489746708071_2472_75]]></id>
		<rec><![CDATA[505|109|233|528]]></rec>
	</zone>
	<zone id="56" rec="505|637|233|395">
		<id><![CDATA[1489746708071_2472_75]]></id>
		<rec><![CDATA[505|637|233|395]]></rec>
	</zone>
</page>
