<page uid="17">
	<zone id="61" rec="35|1053|702|30">
		<id><![CDATA[1489746702414_5120_72]]></id>
		<rec><![CDATA[35|1053|702|30]]></rec>
	</zone>
	<zone id="50" rec="40|109|233|528">
		<id><![CDATA[1489746709759_863_76]]></id>
		<rec><![CDATA[40|109|233|528]]></rec>
	</zone>
	<zone id="57" rec="40|637|233|395">
		<id><![CDATA[1489746709759_863_76]]></id>
		<rec><![CDATA[40|637|233|395]]></rec>
	</zone>
	<zone id="51" rec="278|109|253|528">
		<id><![CDATA[1489746711617_3140_77]]></id>
		<rec><![CDATA[278|109|253|528]]></rec>
	</zone>
	<zone id="58" rec="278|637|213|395">
		<id><![CDATA[1489746711617_3140_77]]></id>
		<rec><![CDATA[278|637|213|395]]></rec>
	</zone>
	<zone id="52" rec="506|109|243|528">
		<id><![CDATA[1489746713344_5768_78]]></id>
		<rec><![CDATA[506|109|243|528]]></rec>
	</zone>
	<zone id="59" rec="506|637|243|395">
		<id><![CDATA[1489746713344_5768_78]]></id>
		<rec><![CDATA[506|637|243|395]]></rec>
	</zone>
</page>
