<page uid="17">
	<zone id="63" rec="34|98|472|510">
		<id><![CDATA[1489746824784_9797_81]]></id>
		<rec><![CDATA[34|98|472|510]]></rec>
	</zone>
	<zone id="64" rec="505|98|234|537">
		<id><![CDATA[1489746824786_6633_82]]></id>
		<rec><![CDATA[505|98|234|537]]></rec>
	</zone>
	<zone id="65" rec="38|636|238|420">
		<id><![CDATA[1489746824788_958_83]]></id>
		<rec><![CDATA[38|636|238|420]]></rec>
	</zone>
	<zone id="66" rec="273|637|236|356">
		<id><![CDATA[1489746824790_2565_84]]></id>
		<rec><![CDATA[273|637|236|356]]></rec>
	</zone>
	<zone id="67" rec="508|637|236|419">
		<id><![CDATA[1489746824792_9644_85]]></id>
		<rec><![CDATA[508|637|236|419]]></rec>
	</zone>
	<zone id="71" rec="34|1056|705|25">
		<id><![CDATA[1489746824801_5311_89]]></id>
		<rec><![CDATA[34|1056|705|25]]></rec>
	</zone>
</page>
