<page uid="17">
	<zone id="68" rec="38|579|450|481">
		<id><![CDATA[1489746824795_238_86]]></id>
		<rec><![CDATA[38|579|450|481]]></rec>
	</zone>
	<zone id="69" rec="486|578|234|479">
		<id><![CDATA[1489746824797_2816_87]]></id>
		<rec><![CDATA[486|578|234|479]]></rec>
	</zone>
	<zone id="70" rec="31|104|694|473">
		<id><![CDATA[1489746824799_4921_88]]></id>
		<rec><![CDATA[31|104|694|473]]></rec>
	</zone>
	<zone id="72" rec="32|1057|705|25">
		<id><![CDATA[1489746824803_4089_90]]></id>
		<rec><![CDATA[32|1057|705|25]]></rec>
	</zone>
</page>
