<page uid="17">
	<zone id="77" rec="504|335|236|713">
		<id><![CDATA[1489746953266_4218_95]]></id>
		<rec><![CDATA[504|335|236|713]]></rec>
	</zone>
	<zone id="78" rec="38|549|465|497">
		<id><![CDATA[1489746953269_8166_96]]></id>
		<rec><![CDATA[38|549|465|497]]></rec>
	</zone>
	<zone id="86" rec="33|1053|703|30">
		<id><![CDATA[1489746953285_2414_104]]></id>
		<rec><![CDATA[33|1053|703|30]]></rec>
	</zone>
	<zone id="75" rec="37|101|458|449">
		<id><![CDATA[1489747007141_8017_108]]></id>
		<rec><![CDATA[37|101|458|449]]></rec>
	</zone>
	<zone id="76" rec="495|101|244|234">
		<id><![CDATA[1489747007141_8017_108]]></id>
		<rec><![CDATA[495|101|244|234]]></rec>
	</zone>
</page>
