<page uid="17">
	<zone id="83" rec="303|559|260|204">
		<id><![CDATA[1489746953278_5767_101]]></id>
		<rec><![CDATA[303|559|260|204]]></rec>
	</zone>
	<zone id="84" rec="63|771|488|272">
		<id><![CDATA[1489746953281_2767_102]]></id>
		<rec><![CDATA[63|771|488|272]]></rec>
	</zone>
	<zone id="85" rec="507|111|202|174">
		<id><![CDATA[1489746953283_307_103]]></id>
		<rec><![CDATA[507|111|202|174]]></rec>
	</zone>
	<zone id="87" rec="34|1053|703|30">
		<id><![CDATA[1489746953287_2038_105]]></id>
		<rec><![CDATA[34|1053|703|30]]></rec>
	</zone>
	<zone id="79" rec="68|108|220|656">
		<id><![CDATA[1489746968653_9868_106]]></id>
		<rec><![CDATA[68|108|220|656]]></rec>
	</zone>
	<zone id="80" rec="304|110|188|228">
		<id><![CDATA[1489746968653_9868_106]]></id>
		<rec><![CDATA[304|110|188|228]]></rec>
	</zone>
	<zone id="81" rec="304|354|188|186">
		<id><![CDATA[1489746987901_2716_107]]></id>
		<rec><![CDATA[304|354|188|186]]></rec>
	</zone>
	<zone id="82" rec="551|299|165|690">
		<id><![CDATA[1489746987901_2716_107]]></id>
		<rec><![CDATA[551|299|165|690]]></rec>
	</zone>
</page>
