<page uid="17">
	<zone id="89" rec="38|101|354|466">
		<id><![CDATA[1489747129101_1584_111]]></id>
		<rec><![CDATA[38|101|354|466]]></rec>
	</zone>
	<zone id="90" rec="389|101|350|466">
		<id><![CDATA[1489747129103_3544_112]]></id>
		<rec><![CDATA[389|101|350|466]]></rec>
	</zone>
	<zone id="91" rec="389|570|356|484">
		<id><![CDATA[1489747129105_963_113]]></id>
		<rec><![CDATA[389|570|356|484]]></rec>
	</zone>
	<zone id="92" rec="38|570|354|484">
		<id><![CDATA[1489747129107_4889_114]]></id>
		<rec><![CDATA[38|570|354|484]]></rec>
	</zone>
	<zone id="93" rec="37|1055|698|26">
		<id><![CDATA[1489747129109_040_115]]></id>
		<rec><![CDATA[37|1055|698|26]]></rec>
	</zone>
</page>
