<page uid="17">
	<zone id="94" rec="36.25|1056.25|698|26">
		<id><![CDATA[1489747129112_627_116]]></id>
		<rec><![CDATA[36.25|1056.25|698|26]]></rec>
	</zone>
	<zone id="95" rec="36|117|178|682">
		<id><![CDATA[1489747129113_2421_117]]></id>
		<rec><![CDATA[36|117|178|682]]></rec>
	</zone>
	<zone id="96" rec="200|117|188|612">
		<id><![CDATA[1489747129115_3532_118]]></id>
		<rec><![CDATA[200|117|188|612]]></rec>
	</zone>
	<zone id="97" rec="373|117|192|682">
		<id><![CDATA[1489747129118_1223_119]]></id>
		<rec><![CDATA[373|117|192|682]]></rec>
	</zone>
	<zone id="98" rec="566|117|176|602">
		<id><![CDATA[1489747129120_3216_120]]></id>
		<rec><![CDATA[566|117|176|602]]></rec>
	</zone>
	<zone id="99" rec="41|823|349|227">
		<id><![CDATA[1489747129127_7161_121]]></id>
		<rec><![CDATA[41|823|349|227]]></rec>
	</zone>
	<zone id="100" rec="391|823|349|227">
		<id><![CDATA[1489747129128_7488_122]]></id>
		<rec><![CDATA[391|823|349|227]]></rec>
	</zone>
</page>
