<page uid="17">
	<zone id="115" rec="34|109|351|566">
		<id><![CDATA[1489747497479_6687_130]]></id>
		<rec><![CDATA[34|109|351|566]]></rec>
	</zone>
	<zone id="116" rec="394|107|353|471">
		<id><![CDATA[1489747497481_876_131]]></id>
		<rec><![CDATA[394|107|353|471]]></rec>
	</zone>
	<zone id="117" rec="394|605|353|412">
		<id><![CDATA[1489747497483_6018_132]]></id>
		<rec><![CDATA[394|605|353|412]]></rec>
	</zone>
	<zone id="118" rec="34|675|351|393">
		<id><![CDATA[1489747497485_9334_133]]></id>
		<rec><![CDATA[34|675|351|393]]></rec>
	</zone>
</page>
