<page uid="17">
	<zone id="121" rec="36|112|357|570">
		<id><![CDATA[1489747606490_7192_137]]></id>
		<rec><![CDATA[36|112|357|570]]></rec>
	</zone>
	<zone id="122" rec="391|111|348|134">
		<id><![CDATA[1489747606492_4368_138]]></id>
		<rec><![CDATA[391|111|348|134]]></rec>
	</zone>
	<zone id="123" rec="387|260|357|422">
		<id><![CDATA[1489747606493_120_139]]></id>
		<rec><![CDATA[387|260|357|422]]></rec>
	</zone>
	<zone id="124" rec="37|681|705|368">
		<id><![CDATA[1489747606494_2698_140]]></id>
		<rec><![CDATA[37|681|705|368]]></rec>
	</zone>
	<zone id="125" rec="33|1056|701|26">
		<id><![CDATA[1489747606496_2656_141]]></id>
		<rec><![CDATA[33|1056|701|26]]></rec>
	</zone>
</page>
