<page uid="17">
	<zone id="126" rec="34|1056|701|26">
		<id><![CDATA[1489747606497_6377_142]]></id>
		<rec><![CDATA[34|1056|701|26]]></rec>
	</zone>
	<zone id="127" rec="41|581|348|472">
		<id><![CDATA[1489747606498_2851_143]]></id>
		<rec><![CDATA[41|581|348|472]]></rec>
	</zone>
	<zone id="128" rec="41|103|348|479">
		<id><![CDATA[1489747606499_3630_144]]></id>
		<rec><![CDATA[41|103|348|479]]></rec>
	</zone>
	<zone id="129" rec="391|103|348|479">
		<id><![CDATA[1489747606500_9585_145]]></id>
		<rec><![CDATA[391|103|348|479]]></rec>
	</zone>
	<zone id="130" rec="391|581|348|472">
		<id><![CDATA[1489747606501_1483_146]]></id>
		<rec><![CDATA[391|581|348|472]]></rec>
	</zone>
</page>
