<page uid="17">
	<zone id="131" rec="42|114|346|476">
		<id><![CDATA[1489747708665_3579_159]]></id>
		<rec><![CDATA[42|114|346|476]]></rec>
	</zone>
	<zone id="132" rec="389|114|350|476">
		<id><![CDATA[1489747708668_1727_160]]></id>
		<rec><![CDATA[389|114|350|476]]></rec>
	</zone>
	<zone id="133" rec="41|592|347|455">
		<id><![CDATA[1489747708670_5242_161]]></id>
		<rec><![CDATA[41|592|347|455]]></rec>
	</zone>
	<zone id="134" rec="389|592|350|455">
		<id><![CDATA[1489747708671_9485_162]]></id>
		<rec><![CDATA[389|592|350|455]]></rec>
	</zone>
	<zone id="140" rec="34.25|1053|703|31">
		<id><![CDATA[1489747708683_3251_168]]></id>
		<rec><![CDATA[34.25|1053|703|31]]></rec>
	</zone>
</page>
