<page uid="17">
	<zone id="135" rec="40|112|295|478">
		<id><![CDATA[1489747708674_30_163]]></id>
		<rec><![CDATA[40|112|295|478]]></rec>
	</zone>
	<zone id="136" rec="334|110|406|480">
		<id><![CDATA[1489747708675_3098_164]]></id>
		<rec><![CDATA[334|110|406|480]]></rec>
	</zone>
	<zone id="137" rec="390|590|349|456">
		<id><![CDATA[1489747708677_3694_165]]></id>
		<rec><![CDATA[390|590|349|456]]></rec>
	</zone>
	<zone id="138" rec="40|590|350|439">
		<id><![CDATA[1489747708679_9024_166]]></id>
		<rec><![CDATA[40|590|350|439]]></rec>
	</zone>
	<zone id="139" rec="36|1053|703|31">
		<id><![CDATA[1489747708682_4929_167]]></id>
		<rec><![CDATA[36|1053|703|31]]></rec>
	</zone>
</page>
