<page uid="17">
	<zone id="142" rec="39|113|352|567">
		<id><![CDATA[1489747814488_3813_171]]></id>
		<rec><![CDATA[39|113|352|567]]></rec>
	</zone>
	<zone id="143" rec="390|111|350|134">
		<id><![CDATA[1489747814491_3087_172]]></id>
		<rec><![CDATA[390|111|350|134]]></rec>
	</zone>
	<zone id="144" rec="389|261|355|420">
		<id><![CDATA[1489747814492_3840_173]]></id>
		<rec><![CDATA[389|261|355|420]]></rec>
	</zone>
	<zone id="145" rec="39|682|701|368">
		<id><![CDATA[1489747814493_1593_174]]></id>
		<rec><![CDATA[39|682|701|368]]></rec>
	</zone>
	<zone id="146" rec="34|1053|701|29">
		<id><![CDATA[1489747814495_5568_175]]></id>
		<rec><![CDATA[34|1053|701|29]]></rec>
	</zone>
</page>
