<page uid="17">
	<zone id="151" rec="40|110|276|498">
		<id><![CDATA[1489747915896_8326_181]]></id>
		<rec><![CDATA[40|110|276|498]]></rec>
	</zone>
	<zone id="152" rec="315|110|425|528">
		<id><![CDATA[1489747915899_4082_182]]></id>
		<rec><![CDATA[315|110|425|528]]></rec>
	</zone>
	<zone id="153" rec="36|642|704|415">
		<id><![CDATA[1489747915901_5395_183]]></id>
		<rec><![CDATA[36|642|704|415]]></rec>
	</zone>
	<zone id="161" rec="36|1054|701|28">
		<id><![CDATA[1489747915928_3458_191]]></id>
		<rec><![CDATA[36|1054|701|28]]></rec>
	</zone>
</page>
