<page uid="17">
	<zone id="157" rec="114|1010|193|22">
		<id><![CDATA[1489747915915_2999_187]]></id>
		<rec><![CDATA[114|1010|193|22]]></rec>
	</zone>
	<zone id="158" rec="405|126|264|336">
		<id><![CDATA[1489747915917_3299_188]]></id>
		<rec><![CDATA[405|126|264|336]]></rec>
	</zone>
	<zone id="160" rec="35|1054|701|28">
		<id><![CDATA[1489747915926_362_190]]></id>
		<rec><![CDATA[35|1054|701|28]]></rec>
	</zone>
	<zone id="154" rec="57|752|156|153">
		<id><![CDATA[1489747918160_64_192]]></id>
		<rec><![CDATA[57|752|156|153]]></rec>
	</zone>
	<zone id="155" rec="58|132|339|603">
		<id><![CDATA[1489747918160_64_192]]></id>
		<rec><![CDATA[58|132|339|603]]></rec>
	</zone>
	<zone id="156" rec="227|827|171|179">
		<id><![CDATA[1489747919925_8487_193]]></id>
		<rec><![CDATA[227|827|171|179]]></rec>
	</zone>
	<zone id="159" rec="413|469|310|551">
		<id><![CDATA[1489747919925_8487_193]]></id>
		<rec><![CDATA[413|469|310|551]]></rec>
	</zone>
</page>
