<page uid="17">
	<zone id="178" rec="40|111|233|546">
		<id><![CDATA[1489753528233_3386_215]]></id>
		<rec><![CDATA[40|111|233|546]]></rec>
	</zone>
	<zone id="179" rec="273|111|233|546">
		<id><![CDATA[1489753528236_7470_216]]></id>
		<rec><![CDATA[273|111|233|546]]></rec>
	</zone>
	<zone id="180" rec="507|111|233|546">
		<id><![CDATA[1489753528238_6621_217]]></id>
		<rec><![CDATA[507|111|233|546]]></rec>
	</zone>
	<zone id="185" rec="39|1058|697|22">
		<id><![CDATA[1489753528248_9456_222]]></id>
		<rec><![CDATA[39|1058|697|22]]></rec>
	</zone>
	<zone id="183" rec="337|878|170|169">
		<id><![CDATA[1489753571147_1493_231]]></id>
		<rec><![CDATA[337|878|170|169]]></rec>
	</zone>
	<zone id="184" rec="513|665|219|376">
		<id><![CDATA[1489753571147_1493_231]]></id>
		<rec><![CDATA[513|665|219|376]]></rec>
	</zone>
	<zone id="181" rec="46|663|220|393">
		<id><![CDATA[1489753589424_626_232]]></id>
		<rec><![CDATA[46|663|220|393]]></rec>
	</zone>
	<zone id="182" rec="273|657|195|191">
		<id><![CDATA[1489753589424_626_232]]></id>
		<rec><![CDATA[273|657|195|191]]></rec>
	</zone>
</page>
