<page uid="17">
	<zone id="186" rec="38|1057|697|22">
		<id><![CDATA[1489753528250_7493_223]]></id>
		<rec><![CDATA[38|1057|697|22]]></rec>
	</zone>
	<zone id="191" rec="39|513|235|546">
		<id><![CDATA[1489753528260_985_228]]></id>
		<rec><![CDATA[39|513|235|546]]></rec>
	</zone>
	<zone id="192" rec="272|513|232|546">
		<id><![CDATA[1489753528261_6741_229]]></id>
		<rec><![CDATA[272|513|232|546]]></rec>
	</zone>
	<zone id="193" rec="506|513|232|546">
		<id><![CDATA[1489753528263_041_230]]></id>
		<rec><![CDATA[506|513|232|546]]></rec>
	</zone>
	<zone id="187" rec="48|118|218|390">
		<id><![CDATA[1489753596568_2545_233]]></id>
		<rec><![CDATA[48|118|218|390]]></rec>
	</zone>
	<zone id="188" rec="274|109|208|181">
		<id><![CDATA[1489753596568_2545_233]]></id>
		<rec><![CDATA[274|109|208|181]]></rec>
	</zone>
	<zone id="189" rec="314|332|191|180">
		<id><![CDATA[1489753599088_9683_234]]></id>
		<rec><![CDATA[314|332|191|180]]></rec>
	</zone>
	<zone id="190" rec="513|118|220|390">
		<id><![CDATA[1489753599088_9683_234]]></id>
		<rec><![CDATA[513|118|220|390]]></rec>
	</zone>
</page>
