<page uid="17">
	<zone id="195" rec="38|112|352|492">
		<id><![CDATA[1489753758350_3724_237]]></id>
		<rec><![CDATA[38|112|352|492]]></rec>
	</zone>
	<zone id="196" rec="389|111|351|491">
		<id><![CDATA[1489753758353_8829_238]]></id>
		<rec><![CDATA[389|111|351|491]]></rec>
	</zone>
	<zone id="197" rec="38|624|352|419">
		<id><![CDATA[1489753758355_1564_239]]></id>
		<rec><![CDATA[38|624|352|419]]></rec>
	</zone>
	<zone id="198" rec="389|624|351|419">
		<id><![CDATA[1489753758357_701_240]]></id>
		<rec><![CDATA[389|624|351|419]]></rec>
	</zone>
	<zone id="199" rec="31|1055|707|28">
		<id><![CDATA[1489753758359_9464_241]]></id>
		<rec><![CDATA[31|1055|707|28]]></rec>
	</zone>
</page>
