<page uid="17">
	<zone id="200" rec="31.5|1053.75|707|28">
		<id><![CDATA[1489753758360_886_242]]></id>
		<rec><![CDATA[31.5|1053.75|707|28]]></rec>
	</zone>
	<zone id="201" rec="40|115|573|124">
		<id><![CDATA[1489753758361_9493_243]]></id>
		<rec><![CDATA[40|115|573|124]]></rec>
	</zone>
	<zone id="202" rec="39|241|353|318">
		<id><![CDATA[1489753758362_8569_244]]></id>
		<rec><![CDATA[39|241|353|318]]></rec>
	</zone>
	<zone id="203" rec="390|241|350|318">
		<id><![CDATA[1489753758363_9616_245]]></id>
		<rec><![CDATA[390|241|350|318]]></rec>
	</zone>
	<zone id="204" rec="39|558|351|480">
		<id><![CDATA[1489753758364_5548_246]]></id>
		<rec><![CDATA[39|558|351|480]]></rec>
	</zone>
	<zone id="205" rec="390|558|349|480">
		<id><![CDATA[1489753758365_762_247]]></id>
		<rec><![CDATA[390|558|349|480]]></rec>
	</zone>
</page>
