<page uid="17">
	<zone id="207" rec="38|108|472|81">
		<id><![CDATA[1489753828216_549_250]]></id>
		<rec><![CDATA[38|108|472|81]]></rec>
	</zone>
	<zone id="209" rec="39|187|351|385">
		<id><![CDATA[1489753828221_9335_252]]></id>
		<rec><![CDATA[39|187|351|385]]></rec>
	</zone>
	<zone id="210" rec="390|187|349|385">
		<id><![CDATA[1489753828223_4181_253]]></id>
		<rec><![CDATA[390|187|349|385]]></rec>
	</zone>
	<zone id="215" rec="414|641|325|416">
		<id><![CDATA[1489753828232_8844_258]]></id>
		<rec><![CDATA[414|641|325|416]]></rec>
	</zone>
	<zone id="216" rec="41|641|371|416">
		<id><![CDATA[1489753828233_1865_259]]></id>
		<rec><![CDATA[41|641|371|416]]></rec>
	</zone>
	<zone id="218" rec="36|1056|698|25">
		<id><![CDATA[1489753828234_915_260]]></id>
		<rec><![CDATA[36|1056|698|25]]></rec>
	</zone>
</page>
