<page uid="17">
	<zone id="208" rec="40|110|701|103">
		<id><![CDATA[1489753828218_4416_251]]></id>
		<rec><![CDATA[40|110|701|103]]></rec>
	</zone>
	<zone id="211" rec="39|214|351|404">
		<id><![CDATA[1489753828225_3826_254]]></id>
		<rec><![CDATA[39|214|351|404]]></rec>
	</zone>
	<zone id="212" rec="391|214|348|404">
		<id><![CDATA[1489753828227_9585_255]]></id>
		<rec><![CDATA[391|214|348|404]]></rec>
	</zone>
	<zone id="213" rec="391|617|347|397">
		<id><![CDATA[1489753828229_9629_256]]></id>
		<rec><![CDATA[391|617|347|397]]></rec>
	</zone>
	<zone id="214" rec="39|618|351|438">
		<id><![CDATA[1489753828231_2494_257]]></id>
		<rec><![CDATA[39|618|351|438]]></rec>
	</zone>
	<zone id="219" rec="36.5|1056|698|25">
		<id><![CDATA[1489753828236_1118_261]]></id>
		<rec><![CDATA[36.5|1056|698|25]]></rec>
	</zone>
</page>
