<page uid="17">
	<zone id="221" rec="35|100|707|316">
		<id><![CDATA[1489754086782_4256_264]]></id>
		<rec><![CDATA[35|100|707|316]]></rec>
	</zone>
	<zone id="222" rec="37|425|706|302">
		<id><![CDATA[1489754086784_5996_265]]></id>
		<rec><![CDATA[37|425|706|302]]></rec>
	</zone>
	<zone id="223" rec="39|742|678|286">
		<id><![CDATA[1489754086786_6692_266]]></id>
		<rec><![CDATA[39|742|678|286]]></rec>
	</zone>
	<zone id="224" rec="35|1054|701|28">
		<id><![CDATA[1489754086788_1326_267]]></id>
		<rec><![CDATA[35|1054|701|28]]></rec>
	</zone>
</page>
