<page uid="17">
	<zone id="225" rec="37|1054|701|28">
		<id><![CDATA[1489754086789_298_268]]></id>
		<rec><![CDATA[37|1054|701|28]]></rec>
	</zone>
	<zone id="226" rec="39|100|701|286">
		<id><![CDATA[1489754086791_5198_269]]></id>
		<rec><![CDATA[39|100|701|286]]></rec>
	</zone>
	<zone id="227" rec="39|392|701|320">
		<id><![CDATA[1489754086793_490_270]]></id>
		<rec><![CDATA[39|392|701|320]]></rec>
	</zone>
	<zone id="228" rec="39|721|701|320">
		<id><![CDATA[1489754086795_5341_271]]></id>
		<rec><![CDATA[39|721|701|320]]></rec>
	</zone>
</page>
