<page uid="17">
	<zone id="229" rec="36|103|486|39">
		<id><![CDATA[1489754209526_7624_274]]></id>
		<rec><![CDATA[36|103|486|39]]></rec>
	</zone>
	<zone id="230" rec="383|712|362|319">
		<id><![CDATA[1489754209529_5224_275]]></id>
		<rec><![CDATA[383|712|362|319]]></rec>
	</zone>
	<zone id="231" rec="37|1055|699|26">
		<id><![CDATA[1489754209531_4788_276]]></id>
		<rec><![CDATA[37|1055|699|26]]></rec>
	</zone>
	<zone id="233" rec="40|142|234|560">
		<id><![CDATA[1489754209533_9079_278]]></id>
		<rec><![CDATA[40|142|234|560]]></rec>
	</zone>
	<zone id="234" rec="273|142|235|535">
		<id><![CDATA[1489754209534_5187_279]]></id>
		<rec><![CDATA[273|142|235|535]]></rec>
	</zone>
	<zone id="235" rec="505|142|236|570">
		<id><![CDATA[1489754209535_2347_280]]></id>
		<rec><![CDATA[505|142|236|570]]></rec>
	</zone>
	<zone id="236" rec="38|714|348|333">
		<id><![CDATA[1489754209536_4696_281]]></id>
		<rec><![CDATA[38|714|348|333]]></rec>
	</zone>
</page>
