<page uid="17">
	<zone id="232" rec="36|1056|699|26">
		<id><![CDATA[1489754209532_210_277]]></id>
		<rec><![CDATA[36|1056|699|26]]></rec>
	</zone>
	<zone id="237" rec="39|101|350|510">
		<id><![CDATA[1489754209537_959_282]]></id>
		<rec><![CDATA[39|101|350|510]]></rec>
	</zone>
	<zone id="238" rec="389|101|350|510">
		<id><![CDATA[1489754209538_499_283]]></id>
		<rec><![CDATA[389|101|350|510]]></rec>
	</zone>
	<zone id="239" rec="39|609|350|447">
		<id><![CDATA[1489754209539_31_284]]></id>
		<rec><![CDATA[39|609|350|447]]></rec>
	</zone>
	<zone id="240" rec="390|609|350|447">
		<id><![CDATA[1489754209541_690_285]]></id>
		<rec><![CDATA[390|609|350|447]]></rec>
	</zone>
</page>
