<page uid="17">
	<zone id="241" rec="41|100|190|490">
		<id><![CDATA[1489754304507_7763_288]]></id>
		<rec><![CDATA[41|100|190|490]]></rec>
	</zone>
	<zone id="242" rec="230|100|512|490">
		<id><![CDATA[1489754304510_1056_289]]></id>
		<rec><![CDATA[230|100|512|490]]></rec>
	</zone>
	<zone id="243" rec="39|604|703|439">
		<id><![CDATA[1489754304512_5296_290]]></id>
		<rec><![CDATA[39|604|703|439]]></rec>
	</zone>
	<zone id="244" rec="35|1054|700|28">
		<id><![CDATA[1489754304514_9486_291]]></id>
		<rec><![CDATA[35|1054|700|28]]></rec>
	</zone>
</page>
