<page uid="17">
	<zone id="245" rec="37|1055|700|28">
		<id><![CDATA[1489754304516_5651_292]]></id>
		<rec><![CDATA[37|1055|700|28]]></rec>
	</zone>
	<zone id="246" rec="38|108|702|266">
		<id><![CDATA[1489754304518_6553_293]]></id>
		<rec><![CDATA[38|108|702|266]]></rec>
	</zone>
	<zone id="247" rec="36|382|708|307">
		<id><![CDATA[1489754304520_2773_294]]></id>
		<rec><![CDATA[36|382|708|307]]></rec>
	</zone>
	<zone id="248" rec="36|692|708|364">
		<id><![CDATA[1489754304522_8311_295]]></id>
		<rec><![CDATA[36|692|708|364]]></rec>
	</zone>
</page>
