<page uid="17">
	<zone id="252" rec="39|120|351|409">
		<id><![CDATA[1489754426855_2641_300]]></id>
		<rec><![CDATA[39|120|351|409]]></rec>
	</zone>
	<zone id="253" rec="390|120|349|409">
		<id><![CDATA[1489754426857_6271_301]]></id>
		<rec><![CDATA[390|120|349|409]]></rec>
	</zone>
	<zone id="254" rec="39|527|351|489">
		<id><![CDATA[1489754426859_2285_302]]></id>
		<rec><![CDATA[39|527|351|489]]></rec>
	</zone>
	<zone id="255" rec="390|527|349|489">
		<id><![CDATA[1489754426861_5135_303]]></id>
		<rec><![CDATA[390|527|349|489]]></rec>
	</zone>
	<zone id="256" rec="36|1056|700|26">
		<id><![CDATA[1489754426863_3477_304]]></id>
		<rec><![CDATA[36|1056|700|26]]></rec>
	</zone>
</page>
