<page uid="17">
	<zone id="267" rec="35|99|712|318">
		<id><![CDATA[1489754590930_875_318]]></id>
		<rec><![CDATA[35|99|712|318]]></rec>
	</zone>
	<zone id="268" rec="35|423|712|315">
		<id><![CDATA[1489754590931_171_319]]></id>
		<rec><![CDATA[35|423|712|315]]></rec>
	</zone>
	<zone id="269" rec="35|742|712|305">
		<id><![CDATA[1489754590933_2433_320]]></id>
		<rec><![CDATA[35|742|712|305]]></rec>
	</zone>
	<zone id="270" rec="38|1057|698|25">
		<id><![CDATA[1489754590934_8215_321]]></id>
		<rec><![CDATA[38|1057|698|25]]></rec>
	</zone>
</page>
