<page uid="17">
	<zone id="271" rec="36|1056|698|25">
		<id><![CDATA[1489754590935_1863_322]]></id>
		<rec><![CDATA[36|1056|698|25]]></rec>
	</zone>
	<zone id="272" rec="35|98|710|308">
		<id><![CDATA[1489754590937_174_323]]></id>
		<rec><![CDATA[35|98|710|308]]></rec>
	</zone>
	<zone id="273" rec="35|412|710|313">
		<id><![CDATA[1489754590938_3123_324]]></id>
		<rec><![CDATA[35|412|710|313]]></rec>
	</zone>
	<zone id="274" rec="35|729|710|320">
		<id><![CDATA[1489754590939_5822_325]]></id>
		<rec><![CDATA[35|729|710|320]]></rec>
	</zone>
</page>
