<page uid="17">
	<zone id="275" rec="37|107|354|452">
		<id><![CDATA[1489754686977_1578_328]]></id>
		<rec><![CDATA[37|107|354|452]]></rec>
	</zone>
	<zone id="276" rec="387|107|354|482">
		<id><![CDATA[1489754686979_6199_329]]></id>
		<rec><![CDATA[387|107|354|482]]></rec>
	</zone>
	<zone id="277" rec="37|595|706|445">
		<id><![CDATA[1489754686980_7237_330]]></id>
		<rec><![CDATA[37|595|706|445]]></rec>
	</zone>
	<zone id="278" rec="37|1054|698|28">
		<id><![CDATA[1489754686981_1554_331]]></id>
		<rec><![CDATA[37|1054|698|28]]></rec>
	</zone>
</page>
