<page uid="17">
	<zone id="279" rec="37|1056|698|28">
		<id><![CDATA[1489754686982_1120_332]]></id>
		<rec><![CDATA[37|1056|698|28]]></rec>
	</zone>
	<zone id="280" rec="39|639|280|419">
		<id><![CDATA[1489754686984_4455_333]]></id>
		<rec><![CDATA[39|639|280|419]]></rec>
	</zone>
	<zone id="281" rec="317|639|424|419">
		<id><![CDATA[1489754686985_843_334]]></id>
		<rec><![CDATA[317|639|424|419]]></rec>
	</zone>
	<zone id="282" rec="40|101|466|539">
		<id><![CDATA[1489754686986_942_335]]></id>
		<rec><![CDATA[40|101|466|539]]></rec>
	</zone>
	<zone id="283" rec="503|101|238|539">
		<id><![CDATA[1489754686987_875_336]]></id>
		<rec><![CDATA[503|101|238|539]]></rec>
	</zone>
</page>
