<page uid="17">
	<zone id="289" rec="38|1057|697|24">
		<id><![CDATA[1489754780769_688_342]]></id>
		<rec><![CDATA[38|1057|697|24]]></rec>
	</zone>
	<zone id="290" rec="38|98|353|271">
		<id><![CDATA[1489754780771_993_343]]></id>
		<rec><![CDATA[38|98|353|271]]></rec>
	</zone>
	<zone id="291" rec="389|98|352|271">
		<id><![CDATA[1489754780773_4939_344]]></id>
		<rec><![CDATA[389|98|352|271]]></rec>
	</zone>
	<zone id="292" rec="389|371|352|346">
		<id><![CDATA[1489754780775_5365_345]]></id>
		<rec><![CDATA[389|371|352|346]]></rec>
	</zone>
	<zone id="293" rec="38|371|353|334">
		<id><![CDATA[1489754780777_6187_346]]></id>
		<rec><![CDATA[38|371|353|334]]></rec>
	</zone>
	<zone id="294" rec="38|716|353|345">
		<id><![CDATA[1489754780779_3084_347]]></id>
		<rec><![CDATA[38|716|353|345]]></rec>
	</zone>
	<zone id="295" rec="389|716|352|345">
		<id><![CDATA[1489754780781_4698_348]]></id>
		<rec><![CDATA[389|716|352|345]]></rec>
	</zone>
</page>
