<page uid="17">
	<zone id="301" rec="36|1056|700|26">
		<id><![CDATA[1489754905862_4080_356]]></id>
		<rec><![CDATA[36|1056|700|26]]></rec>
	</zone>
	<zone id="297" rec="41|129|330|591">
		<id><![CDATA[1489754931105_2969_362]]></id>
		<rec><![CDATA[41|129|330|591]]></rec>
	</zone>
	<zone id="299" rec="41|722|330|292">
		<id><![CDATA[1489754931105_2969_362]]></id>
		<rec><![CDATA[41|722|330|292]]></rec>
	</zone>
	<zone id="298" rec="373|129|365|591">
		<id><![CDATA[1489754939232_5646_363]]></id>
		<rec><![CDATA[373|129|365|591]]></rec>
	</zone>
	<zone id="300" rec="373|721|365|305">
		<id><![CDATA[1489754939232_5646_363]]></id>
		<rec><![CDATA[373|721|365|305]]></rec>
	</zone>
</page>
