<page uid="17">
	<zone id="302" rec="38|1056|700|26">
		<id><![CDATA[1489754905863_7892_357]]></id>
		<rec><![CDATA[38|1056|700|26]]></rec>
	</zone>
	<zone id="303" rec="33|105|709|287">
		<id><![CDATA[1489754905864_4836_358]]></id>
		<rec><![CDATA[33|105|709|287]]></rec>
	</zone>
	<zone id="304" rec="40|397|234|637">
		<id><![CDATA[1489754905865_3195_359]]></id>
		<rec><![CDATA[40|397|234|637]]></rec>
	</zone>
	<zone id="305" rec="274|397|232|659">
		<id><![CDATA[1489754905866_651_360]]></id>
		<rec><![CDATA[274|397|232|659]]></rec>
	</zone>
	<zone id="306" rec="505|397|234|569">
		<id><![CDATA[1489754905867_4399_361]]></id>
		<rec><![CDATA[505|397|234|569]]></rec>
	</zone>
</page>
