<page uid="17">
	<zone id="311" rec="36|1056|700|26">
		<id><![CDATA[1489755041242_2715_369]]></id>
		<rec><![CDATA[36|1056|700|26]]></rec>
	</zone>
	<zone id="312" rec="39|734|378|314">
		<id><![CDATA[1489755041243_2665_370]]></id>
		<rec><![CDATA[39|734|378|314]]></rec>
	</zone>
	<zone id="313" rec="416|734|323|314">
		<id><![CDATA[1489755041244_6843_371]]></id>
		<rec><![CDATA[416|734|323|314]]></rec>
	</zone>
	<zone id="314" rec="33|109|711|612">
		<id><![CDATA[1489755041245_7147_372]]></id>
		<rec><![CDATA[33|109|711|612]]></rec>
	</zone>
</page>
