<page uid="17">
	<zone id="316" rec="40|112|349|369">
		<id><![CDATA[1489755170406_5240_375]]></id>
		<rec><![CDATA[40|112|349|369]]></rec>
	</zone>
	<zone id="318" rec="388|112|352|369">
		<id><![CDATA[1489755170408_2075_376]]></id>
		<rec><![CDATA[388|112|352|369]]></rec>
	</zone>
	<zone id="319" rec="40|490|233|538">
		<id><![CDATA[1489755170410_260_377]]></id>
		<rec><![CDATA[40|490|233|538]]></rec>
	</zone>
	<zone id="320" rec="273|490|233|538">
		<id><![CDATA[1489755170412_8736_378]]></id>
		<rec><![CDATA[273|490|233|538]]></rec>
	</zone>
	<zone id="321" rec="506|490|233|568">
		<id><![CDATA[1489755170414_7918_379]]></id>
		<rec><![CDATA[506|490|233|568]]></rec>
	</zone>
	<zone id="322" rec="36|1056|698|26">
		<id><![CDATA[1489755170416_2464_380]]></id>
		<rec><![CDATA[36|1056|698|26]]></rec>
	</zone>
</page>
