<page uid="17">
	<zone id="323" rec="38|1056|698|26">
		<id><![CDATA[1489755170418_1556_381]]></id>
		<rec><![CDATA[38|1056|698|26]]></rec>
	</zone>
	<zone id="324" rec="40|118|350|472">
		<id><![CDATA[1489755170420_9140_382]]></id>
		<rec><![CDATA[40|118|350|472]]></rec>
	</zone>
	<zone id="325" rec="389|118|350|472">
		<id><![CDATA[1489755170422_7365_383]]></id>
		<rec><![CDATA[389|118|350|472]]></rec>
	</zone>
	<zone id="326" rec="41|592|231|443">
		<id><![CDATA[1489755170424_8052_384]]></id>
		<rec><![CDATA[41|592|231|443]]></rec>
	</zone>
	<zone id="327" rec="273|592|233|443">
		<id><![CDATA[1489755170426_5785_385]]></id>
		<rec><![CDATA[273|592|233|443]]></rec>
	</zone>
	<zone id="328" rec="508|592|242|443">
		<id><![CDATA[1489755170428_9838_386]]></id>
		<rec><![CDATA[508|592|242|443]]></rec>
	</zone>
</page>
