<page uid="17">
	<zone id="332" rec="37|1057|699|24">
		<id><![CDATA[1489755318621_866_392]]></id>
		<rec><![CDATA[37|1057|699|24]]></rec>
	</zone>
	<zone id="333" rec="34|98|694|42">
		<id><![CDATA[1489755318623_2927_393]]></id>
		<rec><![CDATA[34|98|694|42]]></rec>
	</zone>
	<zone id="334" rec="387|140|354|385">
		<id><![CDATA[1489755318625_6984_394]]></id>
		<rec><![CDATA[387|140|354|385]]></rec>
	</zone>
	<zone id="335" rec="389|522|351|268">
		<id><![CDATA[1489755318627_54_395]]></id>
		<rec><![CDATA[389|522|351|268]]></rec>
	</zone>
	<zone id="336" rec="40|793|399|269">
		<id><![CDATA[1489755318629_5518_396]]></id>
		<rec><![CDATA[40|793|399|269]]></rec>
	</zone>
	<zone id="337" rec="437|793|304|269">
		<id><![CDATA[1489755318630_8266_397]]></id>
		<rec><![CDATA[437|793|304|269]]></rec>
	</zone>
	<zone id="338" rec="37|140|354|649">
		<id><![CDATA[1489755318632_7518_398]]></id>
		<rec><![CDATA[37|140|354|649]]></rec>
	</zone>
</page>
