<page uid="17">
	<zone id="340" rec="389|101|352|287">
		<id><![CDATA[1489755448564_5648_402]]></id>
		<rec><![CDATA[389|101|352|287]]></rec>
	</zone>
	<zone id="343" rec="37|1057|699|24">
		<id><![CDATA[1489755448568_716_405]]></id>
		<rec><![CDATA[37|1057|699|24]]></rec>
	</zone>
	<zone id="345" rec="396|396|335|659">
		<id><![CDATA[1489755448571_7049_407]]></id>
		<rec><![CDATA[396|396|335|659]]></rec>
	</zone>
	<zone id="341" rec="48|110|334|557">
		<id><![CDATA[1489755450244_363_414]]></id>
		<rec><![CDATA[48|110|334|557]]></rec>
	</zone>
	<zone id="342" rec="48|667|334|389">
		<id><![CDATA[1489755450244_363_414]]></id>
		<rec><![CDATA[48|667|334|389]]></rec>
	</zone>
</page>
