<page uid="17">
	<zone id="344" rec="37|1057|699|24">
		<id><![CDATA[1489755448569_1662_406]]></id>
		<rec><![CDATA[37|1057|699|24]]></rec>
	</zone>
	<zone id="346" rec="38|581|237|466">
		<id><![CDATA[1489755448572_6484_408]]></id>
		<rec><![CDATA[38|581|237|466]]></rec>
	</zone>
	<zone id="347" rec="272|582|234|434">
		<id><![CDATA[1489755448573_9743_409]]></id>
		<rec><![CDATA[272|582|234|434]]></rec>
	</zone>
	<zone id="348" rec="506|583|234|434">
		<id><![CDATA[1489755448574_5337_410]]></id>
		<rec><![CDATA[506|583|234|434]]></rec>
	</zone>
	<zone id="349" rec="503|110|245|457">
		<id><![CDATA[1489755448576_274_411]]></id>
		<rec><![CDATA[503|110|245|457]]></rec>
	</zone>
	<zone id="350" rec="274|111|232|423">
		<id><![CDATA[1489755448577_6687_412]]></id>
		<rec><![CDATA[274|111|232|423]]></rec>
	</zone>
	<zone id="351" rec="38|111|239|453">
		<id><![CDATA[1489755448579_5766_413]]></id>
		<rec><![CDATA[38|111|239|453]]></rec>
	</zone>
</page>
