<page uid="17">
	<zone id="354" rec="40|255|318|210">
		<id><![CDATA[1489755575363_9369_417]]></id>
		<rec><![CDATA[40|255|318|210]]></rec>
	</zone>
	<zone id="356" rec="357|101|385|364">
		<id><![CDATA[1489755575365_9953_418]]></id>
		<rec><![CDATA[357|101|385|364]]></rec>
	</zone>
	<zone id="357" rec="39|462|355|296">
		<id><![CDATA[1489755575366_9094_419]]></id>
		<rec><![CDATA[39|462|355|296]]></rec>
	</zone>
	<zone id="358" rec="391|480|350|278">
		<id><![CDATA[1489755575367_9457_420]]></id>
		<rec><![CDATA[391|480|350|278]]></rec>
	</zone>
	<zone id="359" rec="391|756|350|269">
		<id><![CDATA[1489755575368_4977_421]]></id>
		<rec><![CDATA[391|756|350|269]]></rec>
	</zone>
	<zone id="360" rec="39|751|355|275">
		<id><![CDATA[1489755575369_1227_422]]></id>
		<rec><![CDATA[39|751|355|275]]></rec>
	</zone>
	<zone id="361" rec="36|1054|698|28">
		<id><![CDATA[1489755575370_123_423]]></id>
		<rec><![CDATA[36|1054|698|28]]></rec>
	</zone>
	<zone id="368" rec="39|99|318|159">
		<id><![CDATA[1489755584853_7075_430]]></id>
		<rec><![CDATA[39|99|318|159]]></rec>
	</zone>
</page>
