<page uid="17">
	<zone id="362" rec="37|1054|698|28">
		<id><![CDATA[1489755575371_4330_424]]></id>
		<rec><![CDATA[37|1054|698|28]]></rec>
	</zone>
	<zone id="363" rec="41|787|350|251">
		<id><![CDATA[1489755575372_153_425]]></id>
		<rec><![CDATA[41|787|350|251]]></rec>
	</zone>
	<zone id="364" rec="391|662|351|378">
		<id><![CDATA[1489755575373_4295_426]]></id>
		<rec><![CDATA[391|662|351|378]]></rec>
	</zone>
	<zone id="365" rec="38|116|336|660">
		<id><![CDATA[1489755576988_3233_429]]></id>
		<rec><![CDATA[38|116|336|660]]></rec>
	</zone>
	<zone id="366" rec="375|165|340|442">
		<id><![CDATA[1489755576988_3233_429]]></id>
		<rec><![CDATA[375|165|340|442]]></rec>
	</zone>
</page>
