<page uid="17">
	<zone id="371" rec="388|647|352|394">
		<id><![CDATA[1489755706425_9738_435]]></id>
		<rec><![CDATA[388|647|352|394]]></rec>
	</zone>
	<zone id="372" rec="38|789|351|252">
		<id><![CDATA[1489755706427_6890_436]]></id>
		<rec><![CDATA[38|789|351|252]]></rec>
	</zone>
	<zone id="373" rec="36|1055|699|27">
		<id><![CDATA[1489755706429_781_437]]></id>
		<rec><![CDATA[36|1055|699|27]]></rec>
	</zone>
	<zone id="369" rec="39|115|334|660">
		<id><![CDATA[1489755707898_7653_443]]></id>
		<rec><![CDATA[39|115|334|660]]></rec>
	</zone>
	<zone id="370" rec="375|172|337|441">
		<id><![CDATA[1489755707898_7653_443]]></id>
		<rec><![CDATA[375|172|337|441]]></rec>
	</zone>
</page>
