<page uid="17">
	<zone id="374" rec="38|1056|699|27">
		<id><![CDATA[1489755706431_3225_438]]></id>
		<rec><![CDATA[38|1056|699|27]]></rec>
	</zone>
	<zone id="375" rec="38|101|398|578">
		<id><![CDATA[1489755712564_738_444]]></id>
		<rec><![CDATA[38|101|398|578]]></rec>
	</zone>
	<zone id="376" rec="38|679|398|372">
		<id><![CDATA[1489755712564_738_444]]></id>
		<rec><![CDATA[38|679|398|372]]></rec>
	</zone>
	<zone id="377" rec="461|109|271|598">
		<id><![CDATA[1489755714516_2195_445]]></id>
		<rec><![CDATA[461|109|271|598]]></rec>
	</zone>
	<zone id="378" rec="451|707|290|345">
		<id><![CDATA[1489755714516_2195_445]]></id>
		<rec><![CDATA[451|707|290|345]]></rec>
	</zone>
</page>
