<page uid="17">
	<zone id="380" rec="33|113|690|114">
		<id><![CDATA[1489755826314_554_448]]></id>
		<rec><![CDATA[33|113|690|114]]></rec>
	</zone>
	<zone id="385" rec="47|239|334|406">
		<id><![CDATA[1489755826324_1435_453]]></id>
		<rec><![CDATA[47|239|334|406]]></rec>
	</zone>
	<zone id="386" rec="397|237|335|408">
		<id><![CDATA[1489755826326_4046_454]]></id>
		<rec><![CDATA[397|237|335|408]]></rec>
	</zone>
	<zone id="387" rec="397|659|335|357">
		<id><![CDATA[1489755826328_883_455]]></id>
		<rec><![CDATA[397|659|335|357]]></rec>
	</zone>
	<zone id="388" rec="48|660|334|355">
		<id><![CDATA[1489755826330_2589_456]]></id>
		<rec><![CDATA[48|660|334|355]]></rec>
	</zone>
	<zone id="389" rec="33.75|1053.75|701|31">
		<id><![CDATA[1489755826333_4320_457]]></id>
		<rec><![CDATA[33.75|1053.75|701|31]]></rec>
	</zone>
</page>
