<page uid="17">
	<zone id="381" rec="34|97|711|493">
		<id><![CDATA[1489755826316_3186_449]]></id>
		<rec><![CDATA[34|97|711|493]]></rec>
	</zone>
	<zone id="382" rec="386|589|355|226">
		<id><![CDATA[1489755826318_1619_450]]></id>
		<rec><![CDATA[386|589|355|226]]></rec>
	</zone>
	<zone id="383" rec="386|814|355|238">
		<id><![CDATA[1489755826320_428_451]]></id>
		<rec><![CDATA[386|814|355|238]]></rec>
	</zone>
	<zone id="384" rec="38|588|352|464">
		<id><![CDATA[1489755826322_7890_452]]></id>
		<rec><![CDATA[38|588|352|464]]></rec>
	</zone>
	<zone id="390" rec="38|1054|701|30">
		<id><![CDATA[1489755826335_9522_458]]></id>
		<rec><![CDATA[38|1054|701|30]]></rec>
	</zone>
</page>
