<page uid="17">
	<zone id="393" rec="39|113|351|188">
		<id><![CDATA[1489755992620_5282_462]]></id>
		<rec><![CDATA[39|113|351|188]]></rec>
	</zone>
	<zone id="394" rec="390|113|350|552">
		<id><![CDATA[1489755992622_4938_463]]></id>
		<rec><![CDATA[390|113|350|552]]></rec>
	</zone>
	<zone id="395" rec="391|664|348|398">
		<id><![CDATA[1489755992624_9960_464]]></id>
		<rec><![CDATA[391|664|348|398]]></rec>
	</zone>
	<zone id="397" rec="37|1057|698|23">
		<id><![CDATA[1489755992629_7992_466]]></id>
		<rec><![CDATA[37|1057|698|23]]></rec>
	</zone>
	<zone id="396" rec="47|944|258|112">
		<id><![CDATA[1489755997440_8037_470]]></id>
		<rec><![CDATA[47|944|258|112]]></rec>
	</zone>
	<zone id="392" rec="83|311|263|631">
		<id><![CDATA[1489755997440_8037_470]]></id>
		<rec><![CDATA[83|311|263|631]]></rec>
	</zone>
</page>
