<page uid="17">
	<zone id="405" rec="35|99|709|353">
		<id><![CDATA[1489756112711_7658_475]]></id>
		<rec><![CDATA[35|99|709|353]]></rec>
	</zone>
	<zone id="408" rec="32|1054|705|30">
		<id><![CDATA[1489756112719_5723_478]]></id>
		<rec><![CDATA[32|1054|705|30]]></rec>
	</zone>
	<zone id="403" rec="36|493|238|453">
		<id><![CDATA[1489756114945_2475_482]]></id>
		<rec><![CDATA[36|493|238|453]]></rec>
	</zone>
	<zone id="404" rec="281|499|165|256">
		<id><![CDATA[1489756114945_2475_482]]></id>
		<rec><![CDATA[281|499|165|256]]></rec>
	</zone>
	<zone id="406" rec="319.75|771|188|235">
		<id><![CDATA[1489756117016_8592_483]]></id>
		<rec><![CDATA[319.75|771|188|235]]></rec>
	</zone>
	<zone id="407" rec="510|510|193|426">
		<id><![CDATA[1489756117016_8592_483]]></id>
		<rec><![CDATA[510|510|193|426]]></rec>
	</zone>
</page>
