<page uid="17">
	<zone id="413" rec="37|106|705|300">
		<id><![CDATA[1489756258760_5989_486]]></id>
		<rec><![CDATA[37|106|705|300]]></rec>
	</zone>
	<zone id="414" rec="37|413|705|295">
		<id><![CDATA[1489756258762_9084_487]]></id>
		<rec><![CDATA[37|413|705|295]]></rec>
	</zone>
	<zone id="415" rec="37|688|705|369">
		<id><![CDATA[1489756258764_5834_488]]></id>
		<rec><![CDATA[37|688|705|369]]></rec>
	</zone>
	<zone id="421" rec="36|1054|700|28">
		<id><![CDATA[1489756258773_263_494]]></id>
		<rec><![CDATA[36|1054|700|28]]></rec>
	</zone>
</page>
