<page uid="17">
	<zone id="416" rec="37|110|355|453">
		<id><![CDATA[1489756258766_211_489]]></id>
		<rec><![CDATA[37|110|355|453]]></rec>
	</zone>
	<zone id="417" rec="390|110|351|453">
		<id><![CDATA[1489756258768_361_490]]></id>
		<rec><![CDATA[390|110|351|453]]></rec>
	</zone>
	<zone id="418" rec="37|575|355|470">
		<id><![CDATA[1489756258770_5519_491]]></id>
		<rec><![CDATA[37|575|355|470]]></rec>
	</zone>
	<zone id="419" rec="389|575|352|470">
		<id><![CDATA[1489756258771_8687_492]]></id>
		<rec><![CDATA[389|575|352|470]]></rec>
	</zone>
	<zone id="420" rec="36|1055|700|28">
		<id><![CDATA[1489756258772_2741_493]]></id>
		<rec><![CDATA[36|1055|700|28]]></rec>
	</zone>
</page>
