<page uid="17">
	<zone id="422" rec="35|99|707|323">
		<id><![CDATA[1489756338471_500_497]]></id>
		<rec><![CDATA[35|99|707|323]]></rec>
	</zone>
	<zone id="423" rec="35|426|707|319">
		<id><![CDATA[1489756338472_3091_498]]></id>
		<rec><![CDATA[35|426|707|319]]></rec>
	</zone>
	<zone id="424" rec="35|750|707|301">
		<id><![CDATA[1489756338474_5726_499]]></id>
		<rec><![CDATA[35|750|707|301]]></rec>
	</zone>
	<zone id="426" rec="35|1046|698|34">
		<id><![CDATA[1489756338475_1543_500]]></id>
		<rec><![CDATA[35|1046|698|34]]></rec>
	</zone>
</page>
