<page uid="17">
	<zone id="427" rec="35|1046|698|34">
		<id><![CDATA[1489756338476_899_501]]></id>
		<rec><![CDATA[35|1046|698|34]]></rec>
	</zone>
	<zone id="428" rec="31|97|715|308">
		<id><![CDATA[1489756338478_814_502]]></id>
		<rec><![CDATA[31|97|715|308]]></rec>
	</zone>
	<zone id="429" rec="31|407|715|347">
		<id><![CDATA[1489756338479_9410_503]]></id>
		<rec><![CDATA[31|407|715|347]]></rec>
	</zone>
	<zone id="430" rec="31|752|715|281">
		<id><![CDATA[1489756338481_2911_504]]></id>
		<rec><![CDATA[31|752|715|281]]></rec>
	</zone>
</page>
