<page uid="17">
	<zone id="432" rec="34|120|709|346">
		<id><![CDATA[1489756423231_6378_507]]></id>
		<rec><![CDATA[34|120|709|346]]></rec>
	</zone>
	<zone id="433" rec="37|472|354|546">
		<id><![CDATA[1489756423234_3234_508]]></id>
		<rec><![CDATA[37|472|354|546]]></rec>
	</zone>
	<zone id="434" rec="387|482|354|536">
		<id><![CDATA[1489756423236_1611_509]]></id>
		<rec><![CDATA[387|482|354|536]]></rec>
	</zone>
	<zone id="435" rec="36|1043|699|39">
		<id><![CDATA[1489756423238_7415_510]]></id>
		<rec><![CDATA[36|1043|699|39]]></rec>
	</zone>
</page>
