<page uid="17">
	<zone id="451" rec="39|109|352|489">
		<id><![CDATA[1489760171342_1865_524]]></id>
		<rec><![CDATA[39|109|352|489]]></rec>
	</zone>
	<zone id="452" rec="390|109|351|489">
		<id><![CDATA[1489760171344_1386_525]]></id>
		<rec><![CDATA[390|109|351|489]]></rec>
	</zone>
	<zone id="453" rec="390|601|351|454">
		<id><![CDATA[1489760171345_2253_526]]></id>
		<rec><![CDATA[390|601|351|454]]></rec>
	</zone>
	<zone id="454" rec="39|601|352|454">
		<id><![CDATA[1489760171346_1756_527]]></id>
		<rec><![CDATA[39|601|352|454]]></rec>
	</zone>
	<zone id="458" rec="37|1055|696|25">
		<id><![CDATA[1489760171350_381_531]]></id>
		<rec><![CDATA[37|1055|696|25]]></rec>
	</zone>
</page>
