<page uid="17">
	<zone id="455" rec="36|561|355|486">
		<id><![CDATA[1489760171347_3595_528]]></id>
		<rec><![CDATA[36|561|355|486]]></rec>
	</zone>
	<zone id="456" rec="389|613|352|435">
		<id><![CDATA[1489760171348_9421_529]]></id>
		<rec><![CDATA[389|613|352|435]]></rec>
	</zone>
	<zone id="457" rec="37|1055|696|25">
		<id><![CDATA[1489760171349_1383_530]]></id>
		<rec><![CDATA[37|1055|696|25]]></rec>
	</zone>
	<zone id="459" rec="36|100|355|453">
		<id><![CDATA[1489760171351_2738_532]]></id>
		<rec><![CDATA[36|100|355|453]]></rec>
	</zone>
	<zone id="460" rec="389|98|353|478">
		<id><![CDATA[1489760171352_8618_533]]></id>
		<rec><![CDATA[389|98|353|478]]></rec>
	</zone>
</page>
