<page uid="17">
	<zone id="469" rec="35|105|709|298">
		<id><![CDATA[1489760425382_682_544]]></id>
		<rec><![CDATA[35|105|709|298]]></rec>
	</zone>
	<zone id="470" rec="35|402|709|348">
		<id><![CDATA[1489760425384_7254_545]]></id>
		<rec><![CDATA[35|402|709|348]]></rec>
	</zone>
	<zone id="471" rec="35|752|709|301">
		<id><![CDATA[1489760425385_6074_546]]></id>
		<rec><![CDATA[35|752|709|301]]></rec>
	</zone>
	<zone id="472" rec="36|1055|699|27">
		<id><![CDATA[1489760425386_7386_547]]></id>
		<rec><![CDATA[36|1055|699|27]]></rec>
	</zone>
</page>
