<page uid="17">
	<zone id="473" rec="37|1055|699|27">
		<id><![CDATA[1489760425387_616_548]]></id>
		<rec><![CDATA[37|1055|699|27]]></rec>
	</zone>
	<zone id="475" rec="224|469|515|310">
		<id><![CDATA[1489760425388_3679_549]]></id>
		<rec><![CDATA[224|469|515|310]]></rec>
	</zone>
	<zone id="476" rec="35|684|230|363">
		<id><![CDATA[1489760425389_453_550]]></id>
		<rec><![CDATA[35|684|230|363]]></rec>
	</zone>
	<zone id="477" rec="265|795|281|210">
		<id><![CDATA[1489760425390_2064_551]]></id>
		<rec><![CDATA[265|795|281|210]]></rec>
	</zone>
	<zone id="478" rec="548|799|193|206">
		<id><![CDATA[1489760425392_2866_552]]></id>
		<rec><![CDATA[548|799|193|206]]></rec>
	</zone>
	<zone ratioZoom="191" ratiozoom="191" dcp="-417|550" id="479" rec="37|110|188|569">
		<id><![CDATA[1489760427709_9070_555]]></id>
		<rec dcp="-417|550"><![CDATA[37|110|188|569]]></rec>
	</zone>
	<zone ratioZoom="191" ratiozoom="191" dcp="267|349" id="482" rec="225|110|522|359">
		<id><![CDATA[1489760427709_9070_555]]></id>
		<rec dcp="267|349"><![CDATA[225|110|522|359]]></rec>
	</zone>
</page>
