<page uid="17">
	<zone id="487" rec="35|1057|702|22">
		<id><![CDATA[1489761288383_2968_561]]></id>
		<rec><![CDATA[35|1057|702|22]]></rec>
	</zone>
	<zone id="488" rec="38|699|703|362">
		<id><![CDATA[1489761288385_8732_562]]></id>
		<rec><![CDATA[38|699|703|362]]></rec>
	</zone>
	<zone id="489" rec="17|392|727|306">
		<id><![CDATA[1489761288387_7738_563]]></id>
		<rec><![CDATA[17|392|727|306]]></rec>
	</zone>
	<zone id="490" rec="35|96|707|301">
		<id><![CDATA[1489761288389_4484_564]]></id>
		<rec><![CDATA[35|96|707|301]]></rec>
	</zone>
</page>
