<page uid="17">
	<zone id="493" rec="35|98|710|322">
		<id><![CDATA[1489761398471_6319_567]]></id>
		<rec><![CDATA[35|98|710|322]]></rec>
	</zone>
	<zone id="494" rec="38|422|706|341">
		<id><![CDATA[1489761398474_6217_568]]></id>
		<rec><![CDATA[38|422|706|341]]></rec>
	</zone>
	<zone id="495" rec="38|760|706|297">
		<id><![CDATA[1489761398476_9178_569]]></id>
		<rec><![CDATA[38|760|706|297]]></rec>
	</zone>
	<zone id="502" rec="34|1055|700|27">
		<id><![CDATA[1489761398491_7281_576]]></id>
		<rec><![CDATA[34|1055|700|27]]></rec>
	</zone>
</page>
