<page uid="17">
	<zone id="496" rec="35|783|408|266">
		<id><![CDATA[1489761398478_384_570]]></id>
		<rec><![CDATA[35|783|408|266]]></rec>
	</zone>
	<zone id="497" rec="36|514|709|262">
		<id><![CDATA[1489761398480_6217_571]]></id>
		<rec><![CDATA[36|514|709|262]]></rec>
	</zone>
	<zone id="498" rec="38|293|675|228">
		<id><![CDATA[1489761398482_6282_572]]></id>
		<rec><![CDATA[38|293|675|228]]></rec>
	</zone>
	<zone id="499" rec="37|96|705|224">
		<id><![CDATA[1489761398484_3439_573]]></id>
		<rec><![CDATA[37|96|705|224]]></rec>
	</zone>
	<zone id="500" rec="445|799|298|253">
		<id><![CDATA[1489761398486_057_574]]></id>
		<rec><![CDATA[445|799|298|253]]></rec>
	</zone>
	<zone id="501" rec="34|1055|700|27">
		<id><![CDATA[1489761398488_9239_575]]></id>
		<rec><![CDATA[34|1055|700|27]]></rec>
	</zone>
</page>
