<page uid="17">
	<zone id="522" rec="37|674|355|352">
		<id><![CDATA[1489761699957_6075_599]]></id>
		<rec><![CDATA[37|674|355|352]]></rec>
	</zone>
	<zone id="523" rec="39|106|705|532">
		<id><![CDATA[1489761699959_8148_600]]></id>
		<rec><![CDATA[39|106|705|532]]></rec>
	</zone>
	<zone id="524" rec="388|674|368|352">
		<id><![CDATA[1489761699961_8097_601]]></id>
		<rec><![CDATA[388|674|368|352]]></rec>
	</zone>
	<zone id="525" rec="37|1055|702|27">
		<id><![CDATA[1489761699964_6867_602]]></id>
		<rec><![CDATA[37|1055|702|27]]></rec>
	</zone>
</page>
