<page uid="17">
	<zone id="535" rec="49|123|318|262">
		<id><![CDATA[1489761872622_5989_610]]></id>
		<rec><![CDATA[49|123|318|262]]></rec>
	</zone>
	<zone id="536" rec="40|401|336|662">
		<id><![CDATA[1489761872624_831_611]]></id>
		<rec><![CDATA[40|401|336|662]]></rec>
	</zone>
	<zone id="537" rec="404|402|334|313">
		<id><![CDATA[1489761872625_1748_612]]></id>
		<rec><![CDATA[404|402|334|313]]></rec>
	</zone>
	<zone id="538" rec="403|116|337|278">
		<id><![CDATA[1489761872626_3080_613]]></id>
		<rec><![CDATA[403|116|337|278]]></rec>
	</zone>
	<zone id="539" rec="403|724|336|339">
		<id><![CDATA[1489761872627_2918_614]]></id>
		<rec><![CDATA[403|724|336|339]]></rec>
	</zone>
</page>
