<page uid="17">
	<zone id="544" rec="36|1055|701|26">
		<id><![CDATA[1489761989720_106_620]]></id>
		<rec><![CDATA[36|1055|701|26]]></rec>
	</zone>
	<zone id="545" rec="39|115|351|534">
		<id><![CDATA[1489761991571_2210_625]]></id>
		<rec><![CDATA[39|115|351|534]]></rec>
	</zone>
	<zone id="547" rec="39|649|351|392">
		<id><![CDATA[1489761991571_2210_625]]></id>
		<rec><![CDATA[39|649|351|392]]></rec>
	</zone>
	<zone id="546" rec="390|115|348|534">
		<id><![CDATA[1489761993149_3645_626]]></id>
		<rec><![CDATA[390|115|348|534]]></rec>
	</zone>
	<zone id="548" rec="390|649|348|392">
		<id><![CDATA[1489761993149_3645_626]]></id>
		<rec><![CDATA[390|649|348|392]]></rec>
	</zone>
</page>
