<page uid="17">
	<zone id="558" rec="36|1056|701|25">
		<id><![CDATA[1489762087250_2795_638]]></id>
		<rec><![CDATA[36|1056|701|25]]></rec>
	</zone>
	<zone id="550" rec="42|116|345|533">
		<id><![CDATA[1489762097170_844_640]]></id>
		<rec><![CDATA[42|116|345|533]]></rec>
	</zone>
	<zone id="554" rec="42|650|345|360">
		<id><![CDATA[1489762097170_844_640]]></id>
		<rec><![CDATA[42|650|345|360]]></rec>
	</zone>
	<zone id="551" rec="392|116|345|533">
		<id><![CDATA[1489762099122_985_641]]></id>
		<rec><![CDATA[392|116|345|533]]></rec>
	</zone>
	<zone id="555" rec="392|650|345|343">
		<id><![CDATA[1489762099122_985_641]]></id>
		<rec><![CDATA[392|650|345|343]]></rec>
	</zone>
</page>
