<page uid="17">
	<zone id="559" rec="33|1056|701|25">
		<id><![CDATA[1489762087252_722_639]]></id>
		<rec><![CDATA[33|1056|701|25]]></rec>
	</zone>
	<zone id="556" rec="42|650|345|360">
		<id><![CDATA[1489762102339_7637_642]]></id>
		<rec><![CDATA[42|650|345|360]]></rec>
	</zone>
	<zone id="552" rec="42|116|345|533">
		<id><![CDATA[1489762102339_7637_642]]></id>
		<rec><![CDATA[42|116|345|533]]></rec>
	</zone>
	<zone id="557" rec="393|650|344|298">
		<id><![CDATA[1489762103987_9331_643]]></id>
		<rec><![CDATA[393|650|344|298]]></rec>
	</zone>
	<zone id="553" rec="393|116|344|533">
		<id><![CDATA[1489762103987_9331_643]]></id>
		<rec><![CDATA[393|116|344|533]]></rec>
	</zone>
</page>
