<page uid="17">
	<zone id="563" rec="38|102|703|340">
		<id><![CDATA[1489762185103_3191_648]]></id>
		<rec><![CDATA[38|102|703|340]]></rec>
	</zone>
	<zone id="564" rec="38|444|703|290">
		<id><![CDATA[1489762185105_2768_649]]></id>
		<rec><![CDATA[38|444|703|290]]></rec>
	</zone>
	<zone id="565" rec="38|742|703|300">
		<id><![CDATA[1489762185107_6833_650]]></id>
		<rec><![CDATA[38|742|703|300]]></rec>
	</zone>
	<zone id="566" rec="39|1056|694|27">
		<id><![CDATA[1489762185109_2294_651]]></id>
		<rec><![CDATA[39|1056|694|27]]></rec>
	</zone>
</page>
